"","ID","week","tumor_vol","block","treat"
"1","401-1",0,1.05,"OB","WM"
"2","401-1",1,0.44,"OB","WM"
"3","401-1",2,0.31,"OB","WM"
"4","401-1",3,0.31,"OB","WM"
"5","401-1",4,0.36,"OB","WM"
"6","401-1",5,0.06,"OB","WM"
"7","401-1",6,0.06,"OB","WM"
"8","401-1",7,0.03,"OB","WM"
"9","401-1",8,0.02,"OB","WM"
"10","402-3",0,1.48,"OB","AdLib"
"11","402-3",1,0.76,"OB","AdLib"
"12","402-3",2,0.64,"OB","AdLib"
"13","402-3",3,0.52,"OB","AdLib"
"14","402-3",4,0.76,"OB","AdLib"
"15","402-3",5,0.44,"OB","AdLib"
"16","402-3",6,0.64,"OB","AdLib"
"17","402-3",7,0.27,"OB","AdLib"
"18","402-3",8,0.16,"OB","AdLib"
"19","414-1",0,4.82,"OB","WM"
"20","414-1",1,1.8,"OB","WM"
"21","414-1",2,1.37,"OB","WM"
"22","414-1",3,0.55,"OB","WM"
"23","414-1",4,0.41,"OB","WM"
"24","414-1",5,0.69,"OB","WM"
"25","414-1",6,0.97,"OB","WM"
"26","414-1",7,0.86,"OB","WM"
"27","414-1",8,0.5,"OB","WM"
"28","414-2",0,0,"OB","WM"
"29","414-2",1,0,"OB","WM"
"30","414-2",2,0,"OB","WM"
"31","414-2",3,0,"OB","WM"
"32","414-2",4,0,"OB","WM"
"33","414-2",5,0,"OB","WM"
"34","414-2",6,0,"OB","WM"
"35","414-2",7,0,"OB","WM"
"36","414-2",8,0,"OB","WM"
"37","416-1",0,5.33,"L","WM"
"38","416-1",1,4,"L","WM"
"39","416-1",2,1.05,"L","WM"
"40","416-1",3,1.2,"L","WM"
"41","416-1",4,0.43,"L","WM"
"42","416-1",5,0.38,"L","WM"
"43","416-1",6,0.18,"L","WM"
"44","416-1",7,0.22,"L","WM"
"45","416-1",8,0.33,"L","WM"
"46","416-2",0,0.44,"L","WM"
"47","416-2",1,1,"L","WM"
"48","416-2",2,0.24,"L","WM"
"49","416-2",3,0.3,"L","WM"
"50","416-2",4,0.01,"L","WM"
"51","416-2",5,0,"L","WM"
"52","416-2",6,0,"L","WM"
"53","416-2",7,0,"L","WM"
"54","416-2",8,0,"L","WM"
"55","416-3",0,0.22,"L","WM"
"56","416-3",1,0,"L","WM"
"57","416-3",2,0,"L","WM"
"58","416-3",3,0,"L","WM"
"59","416-3",4,0,"L","WM"
"60","416-3",5,0,"L","WM"
"61","416-3",6,0,"L","WM"
"62","416-3",7,0,"L","WM"
"63","416-3",8,0,"L","WM"
"64","417-1",0,1.71,"OB","WM"
"65","417-1",1,1.43,"OB","WM"
"66","417-1",2,2.18,"OB","WM"
"67","417-1",3,1.81,"OB","WM"
"68","417-1",4,1.75,"OB","WM"
"69","417-1",5,2.7,"OB","WM"
"70","417-1",6,1.98,"OB","WM"
"71","417-1",7,1.87,"OB","WM"
"72","417-1",8,1.58,"OB","WM"
"73","417-2",0,0.23,"OB","WM"
"74","417-2",1,0.06,"OB","WM"
"75","417-2",2,0.18,"OB","WM"
"76","417-2",3,0.16,"OB","WM"
"77","417-2",4,0.18,"OB","WM"
"78","417-2",5,0.19,"OB","WM"
"79","417-2",6,0.1,"OB","WM"
"80","417-2",7,0.05,"OB","WM"
"81","417-2",8,0.06,"OB","WM"
"82","417-4",0,0,"OB","WM"
"83","417-4",1,0,"OB","WM"
"84","417-4",2,0,"OB","WM"
"85","417-4",3,0,"OB","WM"
"86","417-4",4,0,"OB","WM"
"87","417-4",5,0,"OB","WM"
"88","417-4",6,0,"OB","WM"
"89","417-4",7,0,"OB","WM"
"90","417-4",8,0,"OB","WM"
"91","418-1",0,0.56,"OB","WM"
"92","418-1",1,0.39,"OB","WM"
"93","418-1",2,0.24,"OB","WM"
"94","418-1",3,0.02,"OB","WM"
"95","418-1",4,0.19,"OB","WM"
"96","418-1",5,0,"OB","WM"
"97","418-1",6,0,"OB","WM"
"98","418-1",7,0,"OB","WM"
"99","418-1",8,0,"OB","WM"
"100","418-2",0,0.36,"OB","WM"
"101","418-2",1,0.3,"OB","WM"
"102","418-2",2,0.22,"OB","WM"
"103","418-2",3,0.3,"OB","WM"
"104","418-2",4,0.24,"OB","WM"
"105","418-2",5,0.29,"OB","WM"
"106","418-2",6,0.25,"OB","WM"
"107","418-2",7,0.26,"OB","WM"
"108","418-2",8,0.3,"OB","WM"
"109","424-1",0,1.62,"L","AdLib"
"110","424-1",1,0.77,"L","AdLib"
"111","424-1",2,0.5,"L","AdLib"
"112","424-1",3,0.19,"L","AdLib"
"113","424-1",4,0.2,"L","AdLib"
"114","424-1",5,0.14,"L","AdLib"
"115","424-1",6,0.17,"L","AdLib"
"116","424-1",7,0.14,"L","AdLib"
"117","424-1",8,0.19,"L","AdLib"
"118","424-2",0,2.26,"L","AdLib"
"119","424-2",1,2.57,"L","AdLib"
"120","424-2",2,1.15,"L","AdLib"
"121","424-2",3,0.42,"L","AdLib"
"122","424-2",4,0.57,"L","AdLib"
"123","424-2",5,0.31,"L","AdLib"
"124","424-2",6,0.12,"L","AdLib"
"125","424-2",7,0.06,"L","AdLib"
"126","424-2",8,0.05,"L","AdLib"
"127","424-3",0,0,"L","AdLib"
"128","424-3",1,0.08,"L","AdLib"
"129","424-3",2,0.12,"L","AdLib"
"130","424-3",3,0.17,"L","AdLib"
"131","424-3",4,0.14,"L","AdLib"
"132","424-3",5,0.17,"L","AdLib"
"133","424-3",6,0.3,"L","AdLib"
"134","424-3",7,0.17,"L","AdLib"
"135","424-3",8,0,"L","AdLib"
"136","434-1",0,1.37,"OB","AdLib"
"137","434-1",1,1.22,"OB","AdLib"
"138","434-1",2,1.25,"OB","AdLib"
"139","434-1",3,0.57,"OB","AdLib"
"140","434-1",4,0.63,"OB","AdLib"
"141","434-1",5,0.39,"OB","AdLib"
"142","434-1",6,0.31,"OB","AdLib"
"143","434-1",7,0.34,"OB","AdLib"
"144","434-1",8,0.18,"OB","AdLib"
"145","434-4",0,0,"OB","AdLib"
"146","434-4",1,0.1,"OB","AdLib"
"147","434-4",2,0.01,"OB","AdLib"
"148","434-4",3,0,"OB","AdLib"
"149","434-4",4,0,"OB","AdLib"
"150","434-4",5,0,"OB","AdLib"
"151","434-4",6,0,"OB","AdLib"
"152","434-4",7,0,"OB","AdLib"
"153","434-4",8,0,"OB","AdLib"
"154","436-1",0,0.96,"OB","WM"
"155","436-1",1,0.36,"OB","WM"
"156","436-1",2,0.54,"OB","WM"
"157","436-1",3,0.26,"OB","WM"
"158","436-1",4,0.13,"OB","WM"
"159","436-1",5,0.09,"OB","WM"
"160","436-1",6,0.09,"OB","WM"
"161","436-1",7,0.12,"OB","WM"
"162","436-1",8,0.09,"OB","WM"
"163","436-2",0,0.26,"OB","WM"
"164","436-2",1,0.09,"OB","WM"
"165","436-2",2,0.24,"OB","WM"
"166","436-2",3,0.18,"OB","WM"
"167","436-2",4,0.17,"OB","WM"
"168","436-2",5,0.12,"OB","WM"
"169","436-2",6,0.12,"OB","WM"
"170","436-2",7,0.11,"OB","WM"
"171","436-2",8,0.15,"OB","WM"
"172","439-1",0,1.12,"OB","WM"
"173","439-1",1,0.65,"OB","WM"
"174","439-1",2,0.11,"OB","WM"
"175","439-1",3,0.2,"OB","WM"
"176","439-1",4,0.07,"OB","WM"
"177","439-1",5,0.11,"OB","WM"
"178","439-1",6,0.12,"OB","WM"
"179","439-1",7,0.13,"OB","WM"
"180","439-1",8,0.04,"OB","WM"
"181","439-2",0,0.23,"OB","WM"
"182","439-2",1,0.05,"OB","WM"
"183","439-2",2,0.02,"OB","WM"
"184","439-2",3,0,"OB","WM"
"185","439-2",4,0,"OB","WM"
"186","439-2",5,0,"OB","WM"
"187","439-2",6,0,"OB","WM"
"188","439-2",7,0,"OB","WM"
"189","439-2",8,0,"OB","WM"
"190","441-1",0,2.79,"L","AdLib"
"191","441-1",1,2.61,"L","AdLib"
"192","441-1",2,1.21,"L","AdLib"
"193","441-1",3,1.11,"L","AdLib"
"194","441-1",4,1.11,"L","AdLib"
"195","441-1",5,0.86,"L","AdLib"
"196","441-1",6,1.04,"L","AdLib"
"197","441-1",7,1.68,"L","AdLib"
"198","441-1",8,2.5,"L","AdLib"
"199","445-1",0,0.09,"L","WM"
"200","445-1",1,0.01,"L","WM"
"201","445-1",2,0.01,"L","WM"
"202","445-1",3,0,"L","WM"
"203","445-1",4,0,"L","WM"
"204","445-1",5,0,"L","WM"
"205","445-1",6,0.01,"L","WM"
"206","445-1",7,0.01,"L","WM"
"207","445-2",0,0.16,"L","WM"
"208","445-2",1,0.01,"L","WM"
"209","445-2",2,0.01,"L","WM"
"210","445-2",3,0,"L","WM"
"211","445-2",4,0,"L","WM"
"212","445-2",5,0,"L","WM"
"213","445-2",6,0,"L","WM"
"214","445-2",7,0,"L","WM"
"215","445-3",0,0.03,"L","WM"
"216","445-3",1,0,"L","WM"
"217","445-3",2,0,"L","WM"
"218","445-3",3,0,"L","WM"
"219","445-3",4,0,"L","WM"
"220","445-3",5,0,"L","WM"
"221","445-3",6,0,"L","WM"
"222","445-3",7,0,"L","WM"
"223","445-4",0,2.35,"L","WM"
"224","445-4",1,0.85,"L","WM"
"225","445-4",2,0.36,"L","WM"
"226","445-4",3,0.44,"L","WM"
"227","445-4",4,0.27,"L","WM"
"228","445-4",5,0.55,"L","WM"
"229","445-4",6,0.72,"L","WM"
"230","445-4",7,2.41,"L","WM"
"231","445-5",0,2.56,"L","WM"
"232","445-5",1,2.22,"L","WM"
"233","445-5",2,0.6,"L","WM"
"234","445-5",3,0.39,"L","WM"
"235","445-5",4,0.44,"L","WM"
"236","445-5",5,0.27,"L","WM"
"237","445-5",6,0.38,"L","WM"
"238","445-5",7,0.71,"L","WM"
"239","451-2",0,0.38,"OB","WM"
"240","451-2",1,0.37,"OB","WM"
"241","451-2",2,0.35,"OB","WM"
"242","451-3",0,1.06,"OB","WM"
"243","451-3",1,0.36,"OB","WM"
"244","451-3",2,0.39,"OB","WM"
"245","451-4",0,0.17,"OB","WM"
"246","451-4",1,0.2,"OB","WM"
"247","451-4",2,0.21,"OB","WM"
"248","453-1",0,1.87,"OB","AdLib"
"249","453-1",1,0.92,"OB","AdLib"
"250","453-1",2,0.34,"OB","AdLib"
"251","453-1",3,0.4,"OB","AdLib"
"252","453-1",4,0.25,"OB","AdLib"
"253","453-1",5,0.03,"OB","AdLib"
"254","453-1",6,0.24,"OB","AdLib"
"255","453-1",7,0.19,"OB","AdLib"
"256","453-1",8,0.24,"OB","AdLib"
"257","453-2",0,0,"OB","AdLib"
"258","453-2",1,3.16,"OB","AdLib"
"259","453-2",2,2.18,"OB","AdLib"
"260","453-2",3,1.14,"OB","AdLib"
"261","453-2",4,0.95,"OB","AdLib"
"262","453-2",5,1,"OB","AdLib"
"263","453-2",6,1.17,"OB","AdLib"
"264","453-2",7,0.95,"OB","AdLib"
"265","453-2",8,0.64,"OB","AdLib"
"266","455-1",0,1.96,"OB","AdLib"
"267","455-1",1,2.29,"OB","AdLib"
"268","455-1",2,2.16,"OB","AdLib"
"269","455-1",3,2.36,"OB","AdLib"
"270","455-1",4,2.23,"OB","AdLib"
"271","455-1",5,1.99,"OB","AdLib"
"272","455-1",6,1.99,"OB","AdLib"
"273","455-1",7,2.49,"OB","AdLib"
"274","455-1",8,1.76,"OB","AdLib"
"275","466-1",0,0.53,"L","AdLib"
"276","466-1",1,0.16,"L","AdLib"
"277","466-1",2,0.11,"L","AdLib"
"278","466-1",3,0.07,"L","AdLib"
"279","466-1",4,0.02,"L","AdLib"
"280","466-1",5,0.02,"L","AdLib"
"281","466-1",6,0.01,"L","AdLib"
"282","466-3",0,2.77,"L","AdLib"
"283","466-3",1,2.43,"L","AdLib"
"284","466-3",2,0.48,"L","AdLib"
"285","466-3",3,0.48,"L","AdLib"
"286","466-3",4,0.4,"L","AdLib"
"287","466-3",5,0.26,"L","AdLib"
"288","466-3",6,0.17,"L","AdLib"
"289","467-1",0,2.69,"OB","WM"
"290","467-1",1,1.79,"OB","WM"
"291","467-1",2,1.27,"OB","WM"
"292","467-1",3,0.73,"OB","WM"
"293","467-1",4,0.51,"OB","WM"
"294","467-1",5,0.38,"OB","WM"
"295","467-1",6,0.22,"OB","WM"
"296","467-1",7,0.33,"OB","WM"
"297","467-2",0,0.91,"OB","WM"
"298","467-2",1,0.56,"OB","WM"
"299","467-2",2,0.66,"OB","WM"
"300","467-2",3,0.38,"OB","WM"
"301","467-2",4,0.31,"OB","WM"
"302","467-2",5,0.44,"OB","WM"
"303","467-2",6,0.32,"OB","WM"
"304","467-2",7,0.36,"OB","WM"
"305","473-1",0,0.39,"OB","AdLib"
"306","473-1",1,0.2,"OB","AdLib"
"307","473-1",2,0.24,"OB","AdLib"
"308","473-1",3,0.1,"OB","AdLib"
"309","473-1",4,0.11,"OB","AdLib"
"310","473-1",5,0.07,"OB","AdLib"
"311","473-1",6,0.03,"OB","AdLib"
"312","473-1",7,0.05,"OB","AdLib"
"313","473-1",8,0,"OB","AdLib"
"314","480-1",0,1.36,"L","AdLib"
"315","480-1",1,1.3,"L","AdLib"
"316","480-1",2,1.32,"L","AdLib"
"317","480-1",3,0.4,"L","AdLib"
"318","480-1",4,0.33,"L","AdLib"
"319","480-1",5,0.33,"L","AdLib"
"320","480-1",6,0.28,"L","AdLib"
"321","480-1",7,0.39,"L","AdLib"
"322","480-1",8,0.17,"L","AdLib"
"323","481-1",0,0.23,"OB","WM"
"324","481-1",1,0.16,"OB","WM"
"325","481-1",2,0.07,"OB","WM"
"326","481-1",3,0,"OB","WM"
"327","481-1",4,0,"OB","WM"
"328","481-1",5,0,"OB","WM"
"329","481-1",6,0,"OB","WM"
"330","481-1",7,0,"OB","WM"
"331","481-1",8,0,"OB","WM"
"332","481-2",0,0.94,"OB","WM"
"333","481-2",1,0.48,"OB","WM"
"334","481-2",2,0.29,"OB","WM"
"335","481-2",3,0.31,"OB","WM"
"336","481-2",4,0.61,"OB","WM"
"337","481-2",5,0.34,"OB","WM"
"338","481-2",6,0.68,"OB","WM"
"339","481-2",7,1.53,"OB","WM"
"340","481-2",8,2.64,"OB","WM"
"341","481-3",0,0.39,"OB","WM"
"342","481-3",1,0.37,"OB","WM"
"343","481-3",2,0.24,"OB","WM"
"344","481-3",3,0.01,"OB","WM"
"345","481-3",4,0.01,"OB","WM"
"346","481-3",5,0,"OB","WM"
"347","481-3",6,0.01,"OB","WM"
"348","481-3",7,0.01,"OB","WM"
"349","481-3",8,0,"OB","WM"
"350","481-4",0,0,"OB","WM"
"351","481-4",1,0,"OB","WM"
"352","481-4",2,0,"OB","WM"
"353","481-4",3,0,"OB","WM"
"354","481-4",4,0,"OB","WM"
"355","481-4",5,0.01,"OB","WM"
"356","481-4",6,0.01,"OB","WM"
"357","481-4",7,0.01,"OB","WM"
"358","481-4",8,0.01,"OB","WM"
"359","483-1",0,4.61,"OB","AdLib"
"360","483-1",1,1.37,"OB","AdLib"
"361","483-1",2,0.83,"OB","AdLib"
"362","483-1",3,0.35,"OB","AdLib"
"363","483-1",4,0.42,"OB","AdLib"
"364","483-1",5,0.11,"OB","AdLib"
"365","483-1",6,0.24,"OB","AdLib"
"366","483-1",7,0.17,"OB","AdLib"
"367","483-1",8,0.17,"OB","AdLib"
"368","483-2",0,4.34,"OB","AdLib"
"369","483-2",1,1.7,"OB","AdLib"
"370","483-2",2,0.71,"OB","AdLib"
"371","483-2",3,0.41,"OB","AdLib"
"372","483-2",4,0.41,"OB","AdLib"
"373","483-2",5,0.28,"OB","AdLib"
"374","483-2",6,0.26,"OB","AdLib"
"375","483-2",7,0.35,"OB","AdLib"
"376","483-2",8,0.12,"OB","AdLib"
"377","484-1",0,0.27,"OB","AdLib"
"378","484-1",1,0,"OB","AdLib"
"379","484-1",2,0,"OB","AdLib"
"380","484-1",3,0.03,"OB","AdLib"
"381","484-1",4,0,"OB","AdLib"
"382","484-1",5,0,"OB","AdLib"
"383","484-1",6,0,"OB","AdLib"
"384","484-1",7,0,"OB","AdLib"
"385","484-1",8,0.02,"OB","AdLib"
"386","484-2",0,0,"OB","AdLib"
"387","484-2",1,0,"OB","AdLib"
"388","484-2",2,0.07,"OB","AdLib"
"389","484-2",3,0.71,"OB","AdLib"
"390","484-2",4,0.21,"OB","AdLib"
"391","484-2",5,0.33,"OB","AdLib"
"392","484-2",6,0.6,"OB","AdLib"
"393","484-2",7,0.29,"OB","AdLib"
"394","484-2",8,0.42,"OB","AdLib"
"395","484-3",0,0.96,"OB","AdLib"
"396","484-3",1,0.7,"OB","AdLib"
"397","484-3",2,0.6,"OB","AdLib"
"398","484-3",3,0.26,"OB","AdLib"
"399","484-3",4,0.15,"OB","AdLib"
"400","484-3",5,0.14,"OB","AdLib"
"401","484-3",6,0.08,"OB","AdLib"
"402","484-3",7,0.15,"OB","AdLib"
"403","484-3",8,0.14,"OB","AdLib"
"404","484-4",0,0.55,"OB","AdLib"
"405","484-4",1,0.46,"OB","AdLib"
"406","484-4",2,0.47,"OB","AdLib"
"407","484-4",3,1.59,"OB","AdLib"
"408","484-4",4,1.68,"OB","AdLib"
"409","484-4",5,1.63,"OB","AdLib"
"410","484-4",6,2.75,"OB","AdLib"
"411","484-4",7,4.7,"OB","AdLib"
"412","484-4",8,4.37,"OB","AdLib"
"413","489-1",0,1.14,"OB","AdLib"
"414","489-1",1,0.42,"OB","AdLib"
"415","489-1",2,0.2,"OB","AdLib"
"416","489-1",3,0.34,"OB","AdLib"
"417","489-1",4,0.15,"OB","AdLib"
"418","489-1",5,0.2,"OB","AdLib"
"419","489-1",6,0.13,"OB","AdLib"
"420","489-1",7,0.14,"OB","AdLib"
"421","489-1",8,0.12,"OB","AdLib"
"422","489-2",0,0.73,"OB","AdLib"
"423","489-2",1,0,"OB","AdLib"
"424","489-2",2,0,"OB","AdLib"
"425","489-2",3,0,"OB","AdLib"
"426","489-2",4,0,"OB","AdLib"
"427","489-2",5,0,"OB","AdLib"
"428","489-2",6,0,"OB","AdLib"
"429","489-2",7,0,"OB","AdLib"
"430","489-2",8,0,"OB","AdLib"
"431","490-1",0,0.49,"OB","WM"
"432","490-1",1,0.27,"OB","WM"
"433","490-1",2,0.12,"OB","WM"
"434","490-1",3,0,"OB","WM"
"435","490-1",4,0,"OB","WM"
"436","490-1",5,0,"OB","WM"
"437","490-1",6,0,"OB","WM"
"438","490-1",7,0,"OB","WM"
"439","490-1",8,0,"OB","WM"
"440","490-2",0,0.04,"OB","WM"
"441","490-2",1,0.06,"OB","WM"
"442","490-2",2,0.01,"OB","WM"
"443","490-2",3,0,"OB","WM"
"444","490-2",4,0,"OB","WM"
"445","490-2",5,0,"OB","WM"
"446","490-2",6,0,"OB","WM"
"447","490-2",7,0.06,"OB","WM"
"448","490-2",8,0.22,"OB","WM"
"449","490-3",0,2.57,"OB","WM"
"450","490-3",1,1.63,"OB","WM"
"451","490-3",2,0.97,"OB","WM"
"452","490-3",3,1.11,"OB","WM"
"453","490-3",4,0.77,"OB","WM"
"454","490-3",5,0.93,"OB","WM"
"455","490-3",6,2.9,"OB","WM"
"456","490-3",7,2.49,"OB","WM"
"457","490-3",8,3.08,"OB","WM"
"458","492-1",0,5.71,"L","AdLib"
"459","492-1",1,6.99,"L","AdLib"
"460","492-1",2,6.13,"L","AdLib"
"461","492-1",3,4.88,"L","AdLib"
"462","492-1",4,2.97,"L","AdLib"
"463","492-1",5,1.99,"L","AdLib"
"464","492-1",6,1.2,"L","AdLib"
"465","492-1",7,1.87,"L","AdLib"
"466","492-1",8,1.85,"L","AdLib"
"467","492-2",0,0,"L","AdLib"
"468","492-2",1,0,"L","AdLib"
"469","492-2",2,0,"L","AdLib"
"470","492-2",3,0,"L","AdLib"
"471","492-2",4,0,"L","AdLib"
"472","492-2",5,0,"L","AdLib"
"473","492-2",6,0,"L","AdLib"
"474","492-2",7,1.39,"L","AdLib"
"475","492-2",8,3.65,"L","AdLib"
"476","496-2",0,0.22,"OB","AdLib"
"477","496-2",1,0.41,"OB","AdLib"
"478","496-2",2,0.19,"OB","AdLib"
"479","496-2",3,0.52,"OB","AdLib"
"480","496-2",4,0.8,"OB","AdLib"
"481","496-2",5,0.9,"OB","AdLib"
"482","496-2",6,1.02,"OB","AdLib"
"483","496-2",7,1.44,"OB","AdLib"
"484","496-2",8,2.09,"OB","AdLib"
"485","496-3",0,0.26,"OB","AdLib"
"486","496-3",1,0.26,"OB","AdLib"
"487","496-3",2,0.12,"OB","AdLib"
"488","496-3",3,0.13,"OB","AdLib"
"489","496-3",4,0.07,"OB","AdLib"
"490","496-3",5,0.19,"OB","AdLib"
"491","496-3",6,0.09,"OB","AdLib"
"492","496-3",7,0.16,"OB","AdLib"
"493","496-3",8,0.14,"OB","AdLib"
"494","496-4",0,0.25,"OB","AdLib"
"495","496-4",1,0.02,"OB","AdLib"
"496","496-4",2,0.11,"OB","AdLib"
"497","496-4",3,0.18,"OB","AdLib"
"498","496-4",4,0.17,"OB","AdLib"
"499","496-4",5,0.31,"OB","AdLib"
"500","496-4",6,0.42,"OB","AdLib"
"501","496-4",7,0.52,"OB","AdLib"
"502","496-4",8,0.53,"OB","AdLib"
"503","496-6",0,0.49,"OB","AdLib"
"504","496-6",1,0.5,"OB","AdLib"
"505","496-6",2,0.22,"OB","AdLib"
"506","496-6",3,0.44,"OB","AdLib"
"507","496-6",4,0,"OB","AdLib"
"508","496-6",5,0,"OB","AdLib"
"509","496-6",6,0,"OB","AdLib"
"510","496-6",7,0,"OB","AdLib"
"511","496-6",8,0,"OB","AdLib"
"512","496-7",0,0.09,"OB","AdLib"
"513","496-7",1,0.01,"OB","AdLib"
"514","496-7",2,0,"OB","AdLib"
"515","496-7",3,0,"OB","AdLib"
"516","496-7",4,0,"OB","AdLib"
"517","496-7",5,0,"OB","AdLib"
"518","496-7",6,0,"OB","AdLib"
"519","496-7",7,0,"OB","AdLib"
"520","496-7",8,0,"OB","AdLib"
"521","504-1",0,0.5,"OB","WM"
"522","504-1",1,0.18,"OB","WM"
"523","504-1",2,0.05,"OB","WM"
"524","504-1",3,0.06,"OB","WM"
"525","504-1",4,0,"OB","WM"
"526","504-1",5,0,"OB","WM"
"527","504-1",6,0,"OB","WM"
"528","504-1",7,0,"OB","WM"
"529","504-1",8,0,"OB","WM"
"530","504-3",0,0.9,"OB","WM"
"531","504-3",1,0.35,"OB","WM"
"532","504-3",2,0.08,"OB","WM"
"533","504-3",3,0.1,"OB","WM"
"534","504-3",4,0.01,"OB","WM"
"535","504-3",5,0.01,"OB","WM"
"536","504-3",6,0,"OB","WM"
"537","504-3",7,0,"OB","WM"
"538","504-3",8,0,"OB","WM"
"539","504-4",0,1.3,"OB","WM"
"540","504-4",1,0.81,"OB","WM"
"541","504-4",2,0.62,"OB","WM"
"542","504-4",3,0.45,"OB","WM"
"543","504-4",4,0.08,"OB","WM"
"544","504-4",5,0.13,"OB","WM"
"545","504-4",6,0.11,"OB","WM"
"546","504-4",7,0.01,"OB","WM"
"547","504-4",8,0.11,"OB","WM"
"548","504-5",0,0.29,"OB","WM"
"549","504-5",1,0.29,"OB","WM"
"550","504-5",2,0.08,"OB","WM"
"551","504-5",3,0.1,"OB","WM"
"552","504-5",4,0,"OB","WM"
"553","504-5",5,0,"OB","WM"
"554","504-5",6,0,"OB","WM"
"555","504-5",7,0,"OB","WM"
"556","504-5",8,0,"OB","WM"
"557","505-1",0,1.04,"L","WM"
"558","505-1",1,0.7,"L","WM"
"559","505-1",2,0.67,"L","WM"
"560","505-1",3,0.22,"L","WM"
"561","505-1",4,0.21,"L","WM"
"562","505-1",5,0.17,"L","WM"
"563","505-1",6,0.11,"L","WM"
"564","505-1",7,0.1,"L","WM"
"565","505-1",8,0.13,"L","WM"
"566","505-2",0,0.23,"L","WM"
"567","505-2",1,0.22,"L","WM"
"568","505-2",2,0.07,"L","WM"
"569","505-2",3,0,"L","WM"
"570","505-2",4,0,"L","WM"
"571","505-2",5,0,"L","WM"
"572","505-2",6,0,"L","WM"
"573","505-2",7,0,"L","WM"
"574","505-2",8,0,"L","WM"
"575","509-1",0,4.89,"L","AdLib"
"576","509-1",1,8.15,"L","AdLib"
"577","509-1",2,15.3,"L","AdLib"
"578","509-1",3,13.65,"L","AdLib"
"579","509-2",0,0.25,"L","AdLib"
"580","509-2",1,0.6,"L","AdLib"
"581","509-2",2,1.31,"L","AdLib"
"582","509-2",3,1.04,"L","AdLib"
"583","509-3",0,0,"L","AdLib"
"584","509-3",1,0,"L","AdLib"
"585","509-3",2,0,"L","AdLib"
"586","509-3",3,0,"L","AdLib"
"587","509-4",0,0.12,"L","AdLib"
"588","509-4",1,0.51,"L","AdLib"
"589","509-4",2,0.64,"L","AdLib"
"590","509-4",3,0.64,"L","AdLib"
"591","509-5",0,0.14,"L","AdLib"
"592","509-5",1,0.05,"L","AdLib"
"593","509-5",2,0.07,"L","AdLib"
"594","509-5",3,0.07,"L","AdLib"
"595","509-6",0,0,"L","AdLib"
"596","509-6",1,0,"L","AdLib"
"597","509-6",2,0,"L","AdLib"
"598","509-6",3,0,"L","AdLib"
"599","511-1",0,0.08,"L","AdLib"
"600","511-1",1,0.05,"L","AdLib"
"601","511-1",2,0.02,"L","AdLib"
"602","511-1",3,0.01,"L","AdLib"
"603","511-1",4,0,"L","AdLib"
"604","511-1",5,0,"L","AdLib"
"605","511-1",6,0,"L","AdLib"
"606","511-1",7,0,"L","AdLib"
"607","511-1",8,0.03,"L","AdLib"
"608","511-3",0,0.04,"L","AdLib"
"609","511-3",1,0.02,"L","AdLib"
"610","511-3",2,0.01,"L","AdLib"
"611","511-3",3,0.01,"L","AdLib"
"612","511-3",4,0,"L","AdLib"
"613","511-3",5,0,"L","AdLib"
"614","511-3",6,0,"L","AdLib"
"615","511-3",7,0,"L","AdLib"
"616","511-3",8,0,"L","AdLib"
"617","511-4",0,0,"L","AdLib"
"618","511-4",1,0,"L","AdLib"
"619","511-4",2,0,"L","AdLib"
"620","511-4",3,0,"L","AdLib"
"621","511-4",4,0.12,"L","AdLib"
"622","511-4",5,0.04,"L","AdLib"
"623","511-4",6,0.08,"L","AdLib"
"624","511-4",7,0.07,"L","AdLib"
"625","511-4",8,0.1,"L","AdLib"
"626","511-5",0,0,"L","AdLib"
"627","511-5",1,0,"L","AdLib"
"628","511-5",2,0,"L","AdLib"
"629","511-5",3,0,"L","AdLib"
"630","511-5",4,0,"L","AdLib"
"631","511-5",5,0,"L","AdLib"
"632","511-5",6,0.06,"L","AdLib"
"633","511-5",7,0.05,"L","AdLib"
"634","511-5",8,0.14,"L","AdLib"
"635","515-1",0,0.39,"OB","WM"
"636","515-1",1,0.22,"OB","WM"
"637","515-1",2,0.21,"OB","WM"
"638","515-1",3,0.07,"OB","WM"
"639","515-1",4,0.07,"OB","WM"
"640","515-1",5,0.22,"OB","WM"
"641","515-1",6,0.09,"OB","WM"
"642","515-1",7,0.08,"OB","WM"
"643","515-1",8,0.09,"OB","WM"
"644","515-2",0,2.01,"OB","WM"
"645","515-2",1,1.23,"OB","WM"
"646","515-2",2,1.58,"OB","WM"
"647","515-2",3,0.36,"OB","WM"
"648","515-2",4,0.35,"OB","WM"
"649","515-2",5,0.29,"OB","WM"
"650","515-2",6,0.15,"OB","WM"
"651","515-2",7,0.28,"OB","WM"
"652","515-2",8,0.11,"OB","WM"
"653","520-1",0,0.27,"OB","AdLib"
"654","520-1",1,0.09,"OB","AdLib"
"655","520-1",2,0.19,"OB","AdLib"
"656","520-1",3,0.13,"OB","AdLib"
"657","520-1",4,0,"OB","AdLib"
"658","520-1",5,0,"OB","AdLib"
"659","520-1",6,0,"OB","AdLib"
"660","520-1",7,0,"OB","AdLib"
"661","520-1",8,0,"OB","AdLib"
"662","522-1",0,0.69,"L","WM"
"663","522-1",1,0.48,"L","WM"
"664","522-1",2,0.84,"L","WM"
"665","522-1",3,0.2,"L","WM"
"666","522-1",4,0.15,"L","WM"
"667","522-1",5,0.05,"L","WM"
"668","522-1",6,0.06,"L","WM"
"669","522-1",7,0.04,"L","WM"
"670","522-1",8,0.18,"L","WM"
"671","523-1",0,2.27,"L","AdLib"
"672","523-1",1,3.38,"L","AdLib"
"673","523-1",2,2.71,"L","AdLib"
"674","523-1",3,3.54,"L","AdLib"
"675","523-1",4,3.6,"L","AdLib"
"676","523-1",5,4.89,"L","AdLib"
"677","523-1",6,6.28,"L","AdLib"
"678","523-1",7,6.03,"L","AdLib"
"679","523-1",8,8.03,"L","AdLib"
"680","536-1",0,0.03,"L","AdLib"
"681","536-1",1,0.03,"L","AdLib"
"682","536-2",0,7.6,"L","AdLib"
"683","536-2",1,7.57,"L","AdLib"
"684","550-1",0,0.29,"L","AdLib"
"685","550-1",1,0.24,"L","AdLib"
"686","550-1",2,0.03,"L","AdLib"
"687","550-1",3,0.02,"L","AdLib"
"688","550-1",4,0.02,"L","AdLib"
"689","550-1",5,0.01,"L","AdLib"
"690","550-1",6,0.01,"L","AdLib"
"691","550-1",7,0,"L","AdLib"
"692","550-1",8,0,"L","AdLib"
"693","550-2",0,0.02,"L","AdLib"
"694","550-2",1,0.01,"L","AdLib"
"695","550-2",2,0,"L","AdLib"
"696","550-2",3,0,"L","AdLib"
"697","550-2",4,0.01,"L","AdLib"
"698","550-2",5,0,"L","AdLib"
"699","550-2",6,0,"L","AdLib"
"700","550-2",7,0,"L","AdLib"
"701","550-2",8,0,"L","AdLib"
"702","551-1",0,1.04,"OB","AdLib"
"703","551-1",1,1.29,"OB","AdLib"
"704","551-1",2,1.29,"OB","AdLib"
"705","551-1",3,1.85,"OB","AdLib"
"706","551-1",4,2.62,"OB","AdLib"
"707","551-1",5,2.85,"OB","AdLib"
"708","551-1",6,3.07,"OB","AdLib"
"709","551-1",7,3.5,"OB","AdLib"
"710","551-1",8,3.09,"OB","AdLib"
"711","551-2",0,0,"OB","AdLib"
"712","551-2",1,0,"OB","AdLib"
"713","551-2",2,0,"OB","AdLib"
"714","551-2",3,0.84,"OB","AdLib"
"715","551-2",4,0.67,"OB","AdLib"
"716","551-2",5,1.22,"OB","AdLib"
"717","551-2",6,1.28,"OB","AdLib"
"718","551-2",7,1.59,"OB","AdLib"
"719","551-2",8,1.96,"OB","AdLib"
"720","552-1",0,1.02,"L","WM"
"721","552-1",1,0.62,"L","WM"
"722","552-1",2,0.54,"L","WM"
"723","552-1",3,0.68,"L","WM"
"724","552-1",4,0.95,"L","WM"
"725","552-1",5,1.02,"L","WM"
"726","552-1",6,1.06,"L","WM"
"727","552-1",7,1.89,"L","WM"
"728","552-1",8,1.78,"L","WM"
"729","555-1",0,1.05,"OB","WM"
"730","555-1",1,0.47,"OB","WM"
"731","555-1",2,0.36,"OB","WM"
"732","555-1",3,0.31,"OB","WM"
"733","555-1",4,0.11,"OB","WM"
"734","555-1",5,0.26,"OB","WM"
"735","555-1",6,0.16,"OB","WM"
"736","555-1",7,0.11,"OB","WM"
"737","555-1",8,0.16,"OB","WM"
"738","555-2",0,0,"OB","WM"
"739","555-2",1,0,"OB","WM"
"740","555-2",2,0,"OB","WM"
"741","555-2",3,0,"OB","WM"
"742","555-2",4,0,"OB","WM"
"743","555-2",5,0,"OB","WM"
"744","555-2",6,0,"OB","WM"
"745","555-2",7,0,"OB","WM"
"746","555-2",8,0.03,"OB","WM"
"747","557-1",0,1.57,"L","WM"
"748","557-1",1,0.47,"L","WM"
"749","557-1",2,0.2,"L","WM"
"750","557-1",3,0.08,"L","WM"
"751","557-1",4,0.11,"L","WM"
"752","557-1",5,0.08,"L","WM"
"753","557-1",6,0.06,"L","WM"
"754","557-1",7,0.05,"L","WM"
"755","557-1",8,0.07,"L","WM"
"756","557-2",0,0.94,"L","WM"
"757","557-2",1,0.9,"L","WM"
"758","557-2",2,0.23,"L","WM"
"759","557-2",3,0.08,"L","WM"
"760","557-2",4,0.07,"L","WM"
"761","557-2",5,0.06,"L","WM"
"762","557-2",6,0.03,"L","WM"
"763","557-2",7,0.02,"L","WM"
"764","557-2",8,0.02,"L","WM"
"765","561-1",0,0.31,"L","WM"
"766","561-1",1,0.19,"L","WM"
"767","561-1",2,0.03,"L","WM"
"768","561-1",3,0.04,"L","WM"
"769","561-1",4,0.13,"L","WM"
"770","561-1",5,0.09,"L","WM"
"771","561-1",6,0.07,"L","WM"
"772","561-1",7,0.01,"L","WM"
"773","561-1",8,0.02,"L","WM"
"774","571-1",0,2.93,"L","WM"
"775","571-1",1,1.8,"L","WM"
"776","571-1",2,0.73,"L","WM"
"777","571-1",3,0.41,"L","WM"
"778","571-1",4,0.21,"L","WM"
"779","571-1",5,0.1,"L","WM"
"780","571-1",6,0.08,"L","WM"
"781","571-1",7,0.1,"L","WM"
"782","571-1",8,0.18,"L","WM"
"783","573-1",0,0.49,"L","AdLib"
"784","573-1",1,0.34,"L","AdLib"
"785","573-1",2,0.05,"L","AdLib"
"786","573-1",3,0.1,"L","AdLib"
"787","573-1",4,0.8,"L","AdLib"
"788","573-1",5,0.97,"L","AdLib"
"789","573-1",6,1.71,"L","AdLib"
"790","573-1",7,1.54,"L","AdLib"
"791","573-1",8,0.64,"L","AdLib"
"792","573-3",0,0,"L","AdLib"
"793","573-3",1,0,"L","AdLib"
"794","573-3",2,0,"L","AdLib"
"795","573-3",3,0.02,"L","AdLib"
"796","573-3",4,0.31,"L","AdLib"
"797","573-3",5,0.48,"L","AdLib"
"798","573-3",6,1.32,"L","AdLib"
"799","573-3",7,1.75,"L","AdLib"
"800","573-3",8,2.88,"L","AdLib"
"801","573-5",0,0,"L","AdLib"
"802","573-5",1,0,"L","AdLib"
"803","573-5",2,0,"L","AdLib"
"804","573-5",3,0,"L","AdLib"
"805","573-5",4,0,"L","AdLib"
"806","573-5",5,0,"L","AdLib"
"807","573-5",6,0.36,"L","AdLib"
"808","573-5",7,1.28,"L","AdLib"
"809","573-5",8,1.35,"L","AdLib"
"810","584-1",0,1.27,"L","AdLib"
"811","584-1",1,0.8,"L","AdLib"
"812","584-1",2,0.24,"L","AdLib"
"813","584-1",3,0.55,"L","AdLib"
"814","584-1",4,1.45,"L","AdLib"
"815","584-1",5,0.3,"L","AdLib"
"816","584-1",6,0.19,"L","AdLib"
"817","584-1",7,0.17,"L","AdLib"
"818","591-2",0,1.93,"L","AdLib"
"819","591-2",1,1.37,"L","AdLib"
"820","591-2",2,0.83,"L","AdLib"
"821","591-2",3,0.76,"L","AdLib"
"822","591-2",4,0.35,"L","AdLib"
"823","591-2",5,0.27,"L","AdLib"
"824","591-2",6,0.39,"L","AdLib"
"825","591-2",7,0.34,"L","AdLib"
"826","591-2",8,0.29,"L","AdLib"
"827","592-1",0,1.22,"OB","WM"
"828","592-1",1,1,"OB","WM"
"829","592-1",2,1.09,"OB","WM"
"830","592-1",3,0.85,"OB","WM"
"831","592-1",4,0.95,"OB","WM"
"832","592-1",5,1.27,"OB","WM"
"833","592-1",6,0.85,"OB","WM"
"834","592-1",7,0.83,"OB","WM"
"835","592-1",8,0.75,"OB","WM"
"836","595-1",0,2.12,"L","WM"
"837","595-1",1,0.57,"L","WM"
"838","595-1",2,0.2,"L","WM"
"839","595-1",3,0.08,"L","WM"
"840","595-1",4,0.1,"L","WM"
"841","595-1",5,0.08,"L","WM"
"842","595-1",6,0.04,"L","WM"
"843","595-1",7,0.04,"L","WM"
"844","595-1",8,0.04,"L","WM"
"845","605-1",0,2.4,"L","AdLib"
"846","605-1",1,0.87,"L","AdLib"
"847","605-1",2,0.54,"L","AdLib"
"848","605-1",3,0.13,"L","AdLib"
"849","605-1",4,0.11,"L","AdLib"
"850","605-1",5,0.14,"L","AdLib"
"851","605-1",6,0.14,"L","AdLib"
"852","605-1",7,0.14,"L","AdLib"
"853","605-1",8,0.05,"L","AdLib"
"854","608-1",0,0.4,"L","WM"
"855","608-1",1,0.17,"L","WM"
"856","608-1",2,0.05,"L","WM"
"857","608-1",3,0,"L","WM"
"858","608-1",4,0,"L","WM"
"859","608-1",5,0,"L","WM"
"860","608-1",6,0,"L","WM"
"861","608-1",7,0,"L","WM"
"862","608-1",8,0,"L","WM"
"863","608-2",0,1.36,"L","WM"
"864","608-2",1,2.12,"L","WM"
"865","608-2",2,0.55,"L","WM"
"866","608-2",3,0.26,"L","WM"
"867","608-2",4,0.13,"L","WM"
"868","608-2",5,0.21,"L","WM"
"869","608-2",6,0.11,"L","WM"
"870","608-2",7,0.04,"L","WM"
"871","608-2",8,0,"L","WM"
"872","608-3",0,0,"L","WM"
"873","608-3",1,0.26,"L","WM"
"874","608-3",2,0.24,"L","WM"
"875","608-3",3,0.07,"L","WM"
"876","608-3",4,0.01,"L","WM"
"877","608-3",5,0.04,"L","WM"
"878","608-3",6,0.06,"L","WM"
"879","608-3",7,0.15,"L","WM"
"880","608-3",8,0.14,"L","WM"
"881","615-1",0,4.98,"L","AdLib"
"882","615-1",1,4.65,"L","AdLib"
"883","615-1",2,5.54,"L","AdLib"
"884","615-1",3,4.57,"L","AdLib"
"885","615-1",4,8.36,"L","AdLib"
"886","615-1",5,8.01,"L","AdLib"
"887","615-1",6,12.83,"L","AdLib"
"888","615-1",7,16.59,"L","AdLib"
"889","615-2",0,0,"L","AdLib"
"890","615-2",1,0,"L","AdLib"
"891","615-2",2,0,"L","AdLib"
"892","615-2",3,0,"L","AdLib"
"893","615-2",4,0,"L","AdLib"
"894","615-2",5,0,"L","AdLib"
"895","615-2",6,0,"L","AdLib"
"896","615-2",7,0.03,"L","AdLib"
"897","616-1",0,6.8,"OB","AdLib"
"898","616-1",1,8.68,"OB","AdLib"
"899","616-1",2,10.29,"OB","AdLib"
"900","616-2",0,0,"OB","AdLib"
"901","616-2",1,0,"OB","AdLib"
"902","616-2",2,0.03,"OB","AdLib"
"903","617-1",0,1.18,"L","AdLib"
"904","617-1",1,2.55,"L","AdLib"
"905","617-1",2,2.28,"L","AdLib"
"906","617-1",3,0.74,"L","AdLib"
"907","617-1",4,0.64,"L","AdLib"
"908","617-1",5,0.58,"L","AdLib"
"909","617-1",6,0.46,"L","AdLib"
"910","617-1",7,0.45,"L","AdLib"
"911","617-1",8,0.16,"L","AdLib"
"912","617-2",0,0.19,"L","AdLib"
"913","617-2",1,0.62,"L","AdLib"
"914","617-2",2,0.36,"L","AdLib"
"915","617-2",3,0.25,"L","AdLib"
"916","617-2",4,0.35,"L","AdLib"
"917","617-2",5,0.81,"L","AdLib"
"918","617-2",6,1.84,"L","AdLib"
"919","617-2",7,4.21,"L","AdLib"
"920","617-2",8,6.65,"L","AdLib"
"921","627-1",0,2.06,"OB","AdLib"
"922","627-1",1,0.83,"OB","AdLib"
"923","627-1",2,0.66,"OB","AdLib"
"924","627-1",3,0.44,"OB","AdLib"
"925","627-1",4,0.29,"OB","AdLib"
"926","627-1",5,0.27,"OB","AdLib"
"927","627-1",6,0.17,"OB","AdLib"
"928","627-1",7,0.03,"OB","AdLib"
"929","627-1",8,0,"OB","AdLib"
"930","628-1",0,1.09,"L","AdLib"
"931","628-1",1,1.87,"L","AdLib"
"932","628-1",2,0.35,"L","AdLib"
"933","628-1",3,0.07,"L","AdLib"
"934","628-1",4,0.22,"L","AdLib"
"935","628-1",5,0.19,"L","AdLib"
"936","628-1",6,0.03,"L","AdLib"
"937","628-1",7,0.44,"L","AdLib"
"938","628-1",8,1.03,"L","AdLib"
"939","630-1",0,0.11,"OB","AdLib"
"940","630-1",1,0.01,"OB","AdLib"
"941","630-1",2,0.02,"OB","AdLib"
"942","630-1",3,0,"OB","AdLib"
"943","630-1",4,0,"OB","AdLib"
"944","630-1",5,0,"OB","AdLib"
"945","630-1",6,0,"OB","AdLib"
"946","630-1",7,0,"OB","AdLib"
"947","630-1",8,0.02,"OB","AdLib"
"948","630-2",0,0.31,"OB","AdLib"
"949","630-2",1,0.25,"OB","AdLib"
"950","630-2",2,0.17,"OB","AdLib"
"951","630-2",3,0.03,"OB","AdLib"
"952","630-2",4,0.01,"OB","AdLib"
"953","630-2",5,0.01,"OB","AdLib"
"954","630-2",6,0.01,"OB","AdLib"
"955","630-2",7,0.01,"OB","AdLib"
"956","630-2",8,0.05,"OB","AdLib"
"957","630-3",0,0,"OB","AdLib"
"958","630-3",1,0.01,"OB","AdLib"
"959","630-3",2,0,"OB","AdLib"
"960","630-3",3,0,"OB","AdLib"
"961","630-3",4,0,"OB","AdLib"
"962","630-3",5,0,"OB","AdLib"
"963","630-3",6,0,"OB","AdLib"
"964","630-3",7,0,"OB","AdLib"
"965","630-3",8,0,"OB","AdLib"
"966","630-4",0,0,"OB","AdLib"
"967","630-4",1,0.01,"OB","AdLib"
"968","630-4",2,0,"OB","AdLib"
"969","630-4",3,0,"OB","AdLib"
"970","630-4",4,0,"OB","AdLib"
"971","630-4",5,0,"OB","AdLib"
"972","630-4",6,0,"OB","AdLib"
"973","630-4",7,0,"OB","AdLib"
"974","630-4",8,0,"OB","AdLib"
"975","630-5",0,0,"OB","AdLib"
"976","630-5",1,0,"OB","AdLib"
"977","630-5",2,0,"OB","AdLib"
"978","630-5",3,0,"OB","AdLib"
"979","630-5",4,0,"OB","AdLib"
"980","630-5",5,0,"OB","AdLib"
"981","630-5",6,0,"OB","AdLib"
"982","630-5",7,0,"OB","AdLib"
"983","630-5",8,0,"OB","AdLib"
"984","632-1",0,1.04,"L","AdLib"
"985","632-1",1,1.48,"L","AdLib"
"986","632-1",2,1.45,"L","AdLib"
"987","632-1",3,1.89,"L","AdLib"
"988","632-1",4,2.31,"L","AdLib"
"989","632-1",5,1.48,"L","AdLib"
"990","632-1",6,0.86,"L","AdLib"
"991","632-1",7,0.82,"L","AdLib"
"992","632-1",8,0.37,"L","AdLib"
"993","632-2",0,0.15,"L","AdLib"
"994","632-2",1,0.01,"L","AdLib"
"995","632-2",2,0.01,"L","AdLib"
"996","632-2",3,0,"L","AdLib"
"997","632-2",4,0,"L","AdLib"
"998","632-2",5,0.02,"L","AdLib"
"999","632-2",6,0,"L","AdLib"
"1000","632-2",7,0.05,"L","AdLib"
"1001","632-2",8,0.01,"L","AdLib"
"1002","632-3",0,0,"L","AdLib"
"1003","632-3",1,0,"L","AdLib"
"1004","632-3",2,0,"L","AdLib"
"1005","632-3",3,0,"L","AdLib"
"1006","632-3",4,0,"L","AdLib"
"1007","632-3",5,0,"L","AdLib"
"1008","632-3",6,0,"L","AdLib"
"1009","632-3",7,0,"L","AdLib"
"1010","632-3",8,0,"L","AdLib"
"1011","641-1",0,0.31,"L","AdLib"
"1012","641-1",1,0.22,"L","AdLib"
"1013","641-1",2,0.03,"L","AdLib"
"1014","641-1",3,0.07,"L","AdLib"
"1015","641-1",4,0.01,"L","AdLib"
"1016","641-1",5,0.01,"L","AdLib"
"1017","641-1",6,0.04,"L","AdLib"
"1018","641-1",7,0.01,"L","AdLib"
"1019","641-1",8,0.09,"L","AdLib"
"1020","641-2",0,5.64,"L","AdLib"
"1021","641-2",1,5.09,"L","AdLib"
"1022","641-2",2,2.12,"L","AdLib"
"1023","641-2",3,1.81,"L","AdLib"
"1024","641-2",4,1.7,"L","AdLib"
"1025","641-2",5,1.99,"L","AdLib"
"1026","641-2",6,1.34,"L","AdLib"
"1027","641-2",7,1.27,"L","AdLib"
"1028","641-2",8,0,"L","AdLib"
"1029","653-1",0,3.32,"OB","AdLib"
"1030","653-1",1,2.73,"OB","AdLib"
"1031","653-1",2,1.41,"OB","AdLib"
"1032","653-2",0,0.05,"OB","AdLib"
"1033","653-2",1,0.01,"OB","AdLib"
"1034","653-2",2,0,"OB","AdLib"
"1035","653-2",3,0,"OB","AdLib"
"1036","653-2",4,0,"OB","AdLib"
"1037","653-2",5,0,"OB","AdLib"
"1038","653-2",6,0,"OB","AdLib"
"1039","653-2",7,0,"OB","AdLib"
"1040","653-2",8,0,"OB","AdLib"
"1041","666-1",0,3.41,"L","AdLib"
"1042","666-1",1,1.98,"L","AdLib"
"1043","666-1",2,0.33,"L","AdLib"
"1044","666-1",3,0.84,"L","AdLib"
"1045","666-1",4,0.66,"L","AdLib"
"1046","666-1",5,0.28,"L","AdLib"
"1047","666-1",6,0.39,"L","AdLib"
"1048","666-1",7,0.38,"L","AdLib"
"1049","666-1",8,0.62,"L","AdLib"
"1050","666-2",0,2.21,"L","AdLib"
"1051","666-2",1,1.76,"L","AdLib"
"1052","666-2",2,0.61,"L","AdLib"
"1053","666-2",3,0.48,"L","AdLib"
"1054","666-2",4,0.53,"L","AdLib"
"1055","666-2",5,0.39,"L","AdLib"
"1056","666-2",6,0.22,"L","AdLib"
"1057","666-2",7,0.09,"L","AdLib"
"1058","666-2",8,0.38,"L","AdLib"
"1059","680-1",0,6.08,"L","AdLib"
"1060","680-1",1,5.8,"L","AdLib"
"1061","680-1",2,3.29,"L","AdLib"
"1062","680-1",3,1.89,"L","AdLib"
"1063","680-1",4,1.54,"L","AdLib"
"1064","680-1",5,0.92,"L","AdLib"
"1065","680-1",6,1.45,"L","AdLib"
"1066","680-1",7,0.85,"L","AdLib"
"1067","680-1",8,0.91,"L","AdLib"
"1068","680-2",0,0,"L","AdLib"
"1069","680-2",1,0.01,"L","AdLib"
"1070","680-2",2,0,"L","AdLib"
"1071","680-2",3,0,"L","AdLib"
"1072","680-2",4,0,"L","AdLib"
"1073","680-2",5,0,"L","AdLib"
"1074","680-2",6,0,"L","AdLib"
"1075","680-2",7,0,"L","AdLib"
"1076","680-2",8,0,"L","AdLib"
"1077","681-1",0,0.75,"L","AdLib"
"1078","681-1",1,0.37,"L","AdLib"
"1079","681-1",2,0.19,"L","AdLib"
"1080","681-1",3,0.01,"L","AdLib"
"1081","681-1",4,0.01,"L","AdLib"
"1082","681-1",5,0.01,"L","AdLib"
"1083","681-1",6,0.07,"L","AdLib"
"1084","681-1",7,0.02,"L","AdLib"
"1085","681-1",8,0.03,"L","AdLib"
"1086","681-2",0,0.12,"L","AdLib"
"1087","681-2",1,0.07,"L","AdLib"
"1088","681-2",2,0.01,"L","AdLib"
"1089","681-2",3,0,"L","AdLib"
"1090","681-2",4,0,"L","AdLib"
"1091","681-2",5,0,"L","AdLib"
"1092","681-2",6,0,"L","AdLib"
"1093","681-2",7,0,"L","AdLib"
"1094","681-2",8,0,"L","AdLib"
"1095","681-3",0,0.01,"L","AdLib"
"1096","681-3",1,0,"L","AdLib"
"1097","681-3",2,0.03,"L","AdLib"
"1098","681-3",3,0,"L","AdLib"
"1099","681-3",4,0,"L","AdLib"
"1100","681-3",5,0,"L","AdLib"
"1101","681-3",6,0,"L","AdLib"
"1102","681-3",7,0,"L","AdLib"
"1103","681-3",8,0,"L","AdLib"
"1104","683-1",0,0,"OB","AdLib"
"1105","683-1",1,0.01,"OB","AdLib"
"1106","683-1",2,0,"OB","AdLib"
"1107","683-1",3,0,"OB","AdLib"
"1108","683-1",4,0,"OB","AdLib"
"1109","683-1",5,0,"OB","AdLib"
"1110","683-1",6,0,"OB","AdLib"
"1111","683-1",7,0,"OB","AdLib"
"1112","683-1",8,0,"OB","AdLib"
"1113","686-1",0,0.97,"L","AdLib"
"1114","686-1",1,0.34,"L","AdLib"
"1115","686-1",2,0.22,"L","AdLib"
"1116","686-1",3,0.05,"L","AdLib"
"1117","686-1",4,0.1,"L","AdLib"
"1118","686-1",5,0.12,"L","AdLib"
"1119","686-1",6,0.02,"L","AdLib"
"1120","686-1",7,0.08,"L","AdLib"
"1121","686-1",8,0.03,"L","AdLib"
"1122","691-1",0,0.35,"L","AdLib"
"1123","691-1",1,0.46,"L","AdLib"
"1124","691-1",2,0.52,"L","AdLib"
"1125","691-1",3,0.28,"L","AdLib"
"1126","691-1",4,0.44,"L","AdLib"
"1127","691-1",5,0.31,"L","AdLib"
"1128","691-1",6,0.68,"L","AdLib"
"1129","691-1",7,0.45,"L","AdLib"
"1130","691-1",8,0.53,"L","AdLib"
"1131","691-2",0,1.08,"L","AdLib"
"1132","691-2",1,1.6,"L","AdLib"
"1133","691-2",2,0.93,"L","AdLib"
"1134","691-2",3,0.53,"L","AdLib"
"1135","691-2",4,0.43,"L","AdLib"
"1136","691-2",5,0.32,"L","AdLib"
"1137","691-2",6,0.5,"L","AdLib"
"1138","691-2",7,0.29,"L","AdLib"
"1139","691-2",8,0.36,"L","AdLib"
"1140","691-3",0,0,"L","AdLib"
"1141","691-3",1,0.26,"L","AdLib"
"1142","691-3",2,0.14,"L","AdLib"
"1143","691-3",3,0.01,"L","AdLib"
"1144","691-3",4,0.01,"L","AdLib"
"1145","691-3",5,0.01,"L","AdLib"
"1146","691-3",6,0,"L","AdLib"
"1147","691-3",7,0,"L","AdLib"
"1148","691-3",8,0.01,"L","AdLib"
"1149","691-4",0,0,"L","AdLib"
"1150","691-4",1,0,"L","AdLib"
"1151","691-4",2,0,"L","AdLib"
"1152","691-4",3,0,"L","AdLib"
"1153","691-4",4,0,"L","AdLib"
"1154","691-4",5,0,"L","AdLib"
"1155","691-4",6,0,"L","AdLib"
"1156","691-4",7,0,"L","AdLib"
"1157","691-4",8,0,"L","AdLib"
"1158","692-1",0,0.88,"OB","AdLib"
"1159","692-1",1,0.68,"OB","AdLib"
"1160","692-1",2,0.33,"OB","AdLib"
"1161","692-1",3,0.22,"OB","AdLib"
"1162","692-1",4,0.09,"OB","AdLib"
"1163","692-1",5,0.05,"OB","AdLib"
"1164","692-1",6,0.02,"OB","AdLib"
"1165","692-1",7,0.01,"OB","AdLib"
"1166","692-1",8,0,"OB","AdLib"
"1167","692-2",0,0.46,"OB","AdLib"
"1168","692-2",1,0.17,"OB","AdLib"
"1169","692-2",2,0.02,"OB","AdLib"
"1170","692-2",3,0,"OB","AdLib"
"1171","692-2",4,0,"OB","AdLib"
"1172","692-2",5,0,"OB","AdLib"
"1173","692-2",6,0,"OB","AdLib"
"1174","692-2",7,0,"OB","AdLib"
"1175","692-2",8,0.04,"OB","AdLib"
"1176","696-1",0,1.49,"L","AdLib"
"1177","696-1",1,0.84,"L","AdLib"
"1178","696-1",2,0.74,"L","AdLib"
"1179","696-1",3,0.55,"L","AdLib"
"1180","696-1",4,0.4,"L","AdLib"
"1181","696-1",5,0.56,"L","AdLib"
"1182","696-1",6,0.35,"L","AdLib"
"1183","696-1",7,0.38,"L","AdLib"
"1184","696-1",8,0.1,"L","AdLib"
"1185","696-2",0,1.58,"L","AdLib"
"1186","696-2",1,0.95,"L","AdLib"
"1187","696-2",2,0.67,"L","AdLib"
"1188","696-2",3,0.32,"L","AdLib"
"1189","696-2",4,0.32,"L","AdLib"
"1190","696-2",5,0.34,"L","AdLib"
"1191","696-2",6,0.15,"L","AdLib"
"1192","696-2",7,0.14,"L","AdLib"
"1193","696-2",8,0.11,"L","AdLib"
"1194","696-3",0,0.06,"L","AdLib"
"1195","696-3",1,0.1,"L","AdLib"
"1196","696-3",2,0.08,"L","AdLib"
"1197","696-3",3,0,"L","AdLib"
"1198","696-3",4,0,"L","AdLib"
"1199","696-3",5,0,"L","AdLib"
"1200","696-3",6,0,"L","AdLib"
"1201","696-3",7,0,"L","AdLib"
"1202","696-3",8,0,"L","AdLib"
