"","ID","week","block","treatment","vol"
"1","401-1","0","OB","WM",1.05
"2","401-1","1","OB","WM",0.44
"3","401-1","2","OB","WM",0.31
"4","401-1","3","OB","WM",0.31
"5","401-1","4","OB","WM",0.36
"6","401-1","5","OB","WM",0.06
"7","401-1","6","OB","WM",0.06
"8","401-1","7","OB","WM",0.03
"9","401-1","8","OB","WM",0.02
"10","402-3","0","OB","AdLib",1.48
"11","402-3","1","OB","AdLib",0.76
"12","402-3","2","OB","AdLib",0.64
"13","402-3","3","OB","AdLib",0.52
"14","402-3","4","OB","AdLib",0.76
"15","402-3","5","OB","AdLib",0.44
"16","402-3","6","OB","AdLib",0.64
"17","402-3","7","OB","AdLib",0.27
"18","402-3","8","OB","AdLib",0.16
"19","414-1","0","OB","WM",4.82
"20","414-1","1","OB","WM",1.8
"21","414-1","2","OB","WM",1.37
"22","414-1","3","OB","WM",0.55
"23","414-1","4","OB","WM",0.41
"24","414-1","5","OB","WM",0.69
"25","414-1","6","OB","WM",0.97
"26","414-1","7","OB","WM",0.86
"27","414-1","8","OB","WM",0.5
"28","414-2","0","OB","WM",0
"29","414-2","1","OB","WM",0
"30","414-2","2","OB","WM",0
"31","414-2","3","OB","WM",0
"32","414-2","4","OB","WM",0
"33","414-2","5","OB","WM",0
"34","414-2","6","OB","WM",0
"35","414-2","7","OB","WM",0
"36","414-2","8","OB","WM",0
"37","416-1","0","L","WM",5.33
"38","416-1","1","L","WM",4
"39","416-1","2","L","WM",1.05
"40","416-1","3","L","WM",1.2
"41","416-1","4","L","WM",0.43
"42","416-1","5","L","WM",0.38
"43","416-1","6","L","WM",0.18
"44","416-1","7","L","WM",0.22
"45","416-1","8","L","WM",0.33
"46","416-2","0","L","WM",0.44
"47","416-2","1","L","WM",1
"48","416-2","2","L","WM",0.24
"49","416-2","3","L","WM",0.3
"50","416-2","4","L","WM",0.01
"51","416-2","5","L","WM",0
"52","416-2","6","L","WM",0
"53","416-2","7","L","WM",0
"54","416-2","8","L","WM",0
"55","416-3","0","L","WM",0.22
"56","416-3","1","L","WM",0
"57","416-3","2","L","WM",0
"58","416-3","3","L","WM",0
"59","416-3","4","L","WM",0
"60","416-3","5","L","WM",0
"61","416-3","6","L","WM",0
"62","416-3","7","L","WM",0
"63","416-3","8","L","WM",0
"64","417-1","0","OB","WM",1.71
"65","417-1","1","OB","WM",1.43
"66","417-1","2","OB","WM",2.18
"67","417-1","3","OB","WM",1.81
"68","417-1","4","OB","WM",1.75
"69","417-1","5","OB","WM",2.7
"70","417-1","6","OB","WM",1.98
"71","417-1","7","OB","WM",1.87
"72","417-1","8","OB","WM",1.58
"73","417-2","0","OB","WM",0.23
"74","417-2","1","OB","WM",0.06
"75","417-2","2","OB","WM",0.18
"76","417-2","3","OB","WM",0.16
"77","417-2","4","OB","WM",0.18
"78","417-2","5","OB","WM",0.19
"79","417-2","6","OB","WM",0.1
"80","417-2","7","OB","WM",0.05
"81","417-2","8","OB","WM",0.06
"82","417-4","0","OB","WM",0
"83","417-4","1","OB","WM",0
"84","417-4","2","OB","WM",0
"85","417-4","3","OB","WM",0
"86","417-4","4","OB","WM",0
"87","417-4","5","OB","WM",0
"88","417-4","6","OB","WM",0
"89","417-4","7","OB","WM",0
"90","417-4","8","OB","WM",0
"91","418-1","0","OB","WM",0.56
"92","418-1","1","OB","WM",0.39
"93","418-1","2","OB","WM",0.24
"94","418-1","3","OB","WM",0.02
"95","418-1","4","OB","WM",0.19
"96","418-1","5","OB","WM",0
"97","418-1","6","OB","WM",0
"98","418-1","7","OB","WM",0
"99","418-1","8","OB","WM",0
"100","418-2","0","OB","WM",0.36
"101","418-2","1","OB","WM",0.3
"102","418-2","2","OB","WM",0.22
"103","418-2","3","OB","WM",0.3
"104","418-2","4","OB","WM",0.24
"105","418-2","5","OB","WM",0.29
"106","418-2","6","OB","WM",0.25
"107","418-2","7","OB","WM",0.26
"108","418-2","8","OB","WM",0.3
"109","424-1","0","L","AdLib",1.62
"110","424-1","1","L","AdLib",0.77
"111","424-1","2","L","AdLib",0.5
"112","424-1","3","L","AdLib",0.19
"113","424-1","4","L","AdLib",0.2
"114","424-1","5","L","AdLib",0.14
"115","424-1","6","L","AdLib",0.17
"116","424-1","7","L","AdLib",0.14
"117","424-1","8","L","AdLib",0.19
"118","424-2","0","L","AdLib",2.26
"119","424-2","1","L","AdLib",2.57
"120","424-2","2","L","AdLib",1.15
"121","424-2","3","L","AdLib",0.42
"122","424-2","4","L","AdLib",0.57
"123","424-2","5","L","AdLib",0.31
"124","424-2","6","L","AdLib",0.12
"125","424-2","7","L","AdLib",0.06
"126","424-2","8","L","AdLib",0.05
"127","424-3","0","L","AdLib",0
"128","424-3","1","L","AdLib",0.08
"129","424-3","2","L","AdLib",0.12
"130","424-3","3","L","AdLib",0.17
"131","424-3","4","L","AdLib",0.14
"132","424-3","5","L","AdLib",0.17
"133","424-3","6","L","AdLib",0.3
"134","424-3","7","L","AdLib",0.17
"135","424-3","8","L","AdLib",0
"136","434-1","0","OB","AdLib",1.37
"137","434-1","1","OB","AdLib",1.22
"138","434-1","2","OB","AdLib",1.25
"139","434-1","3","OB","AdLib",0.57
"140","434-1","4","OB","AdLib",0.63
"141","434-1","5","OB","AdLib",0.39
"142","434-1","6","OB","AdLib",0.31
"143","434-1","7","OB","AdLib",0.34
"144","434-1","8","OB","AdLib",0.18
"145","434-4","0","OB","AdLib",0
"146","434-4","1","OB","AdLib",0.1
"147","434-4","2","OB","AdLib",0.01
"148","434-4","3","OB","AdLib",0
"149","434-4","4","OB","AdLib",0
"150","434-4","5","OB","AdLib",0
"151","434-4","6","OB","AdLib",0
"152","434-4","7","OB","AdLib",0
"153","434-4","8","OB","AdLib",0
"154","436-1","0","OB","WM",0.96
"155","436-1","1","OB","WM",0.36
"156","436-1","2","OB","WM",0.54
"157","436-1","3","OB","WM",0.26
"158","436-1","4","OB","WM",0.13
"159","436-1","5","OB","WM",0.09
"160","436-1","6","OB","WM",0.09
"161","436-1","7","OB","WM",0.12
"162","436-1","8","OB","WM",0.09
"163","436-2","0","OB","WM",0.26
"164","436-2","1","OB","WM",0.09
"165","436-2","2","OB","WM",0.24
"166","436-2","3","OB","WM",0.18
"167","436-2","4","OB","WM",0.17
"168","436-2","5","OB","WM",0.12
"169","436-2","6","OB","WM",0.12
"170","436-2","7","OB","WM",0.11
"171","436-2","8","OB","WM",0.15
"172","439-1","0","OB","WM",1.12
"173","439-1","1","OB","WM",0.65
"174","439-1","2","OB","WM",0.11
"175","439-1","3","OB","WM",0.2
"176","439-1","4","OB","WM",0.07
"177","439-1","5","OB","WM",0.11
"178","439-1","6","OB","WM",0.12
"179","439-1","7","OB","WM",0.13
"180","439-1","8","OB","WM",0.04
"181","439-2","0","OB","WM",0.23
"182","439-2","1","OB","WM",0.05
"183","439-2","2","OB","WM",0.02
"184","439-2","3","OB","WM",0
"185","439-2","4","OB","WM",0
"186","439-2","5","OB","WM",0
"187","439-2","6","OB","WM",0
"188","439-2","7","OB","WM",0
"189","439-2","8","OB","WM",0
"190","441-1","0","L","AdLib",2.79
"191","441-1","1","L","AdLib",2.61
"192","441-1","2","L","AdLib",1.21
"193","441-1","3","L","AdLib",1.11
"194","441-1","4","L","AdLib",1.11
"195","441-1","5","L","AdLib",0.86
"196","441-1","6","L","AdLib",1.04
"197","441-1","7","L","AdLib",1.68
"198","441-1","8","L","AdLib",2.5
"199","453-1","0","L","WM",1.87
"200","453-1","1","L","WM",0.92
"201","453-1","2","L","WM",0.34
"202","453-1","3","L","WM",0.4
"203","453-1","4","L","WM",0.25
"204","453-1","5","L","WM",0.03
"205","453-1","6","L","WM",0.24
"206","453-1","7","L","WM",0.19
"207","453-1","8","L","WM",0.24
"208","453-2","0","L","WM",0
"209","453-2","1","L","WM",3.16
"210","453-2","2","L","WM",2.18
"211","453-2","3","L","WM",1.14
"212","453-2","4","L","WM",0.95
"213","453-2","5","L","WM",1
"214","453-2","6","L","WM",1.17
"215","453-2","7","L","WM",0.95
"216","453-2","8","L","WM",0.64
"217","455-1","0","L","WM",1.96
"218","455-1","1","L","WM",2.29
"219","455-1","2","L","WM",2.16
"220","455-1","3","L","WM",2.36
"221","455-1","4","L","WM",2.23
"222","455-1","5","L","WM",1.99
"223","455-1","6","L","WM",1.99
"224","455-1","7","L","WM",2.49
"225","455-1","8","L","WM",1.76
"226","473-1","0","L","WM",0.39
"227","473-1","1","L","WM",0.2
"228","473-1","2","L","WM",0.24
"229","473-1","3","L","WM",0.1
"230","473-1","4","L","WM",0.11
"231","473-1","5","L","WM",0.07
"232","473-1","6","L","WM",0.03
"233","473-1","7","L","WM",0.05
"234","473-1","8","L","WM",0
"235","480-1","0","L","WM",1.36
"236","480-1","1","L","WM",1.3
"237","480-1","2","L","WM",1.32
"238","480-1","3","L","WM",0.4
"239","480-1","4","L","WM",0.33
"240","480-1","5","L","WM",0.33
"241","480-1","6","L","WM",0.28
"242","480-1","7","L","WM",0.39
"243","480-1","8","L","WM",0.17
"244","481-1","0","OB","WM",0.23
"245","481-1","1","OB","WM",0.16
"246","481-1","2","OB","WM",0.07
"247","481-1","3","OB","WM",0
"248","481-1","4","OB","WM",0
"249","481-1","5","OB","WM",0
"250","481-1","6","OB","WM",0
"251","481-1","7","OB","WM",0
"252","481-1","8","OB","WM",0
"253","481-2","0","OB","WM",0.94
"254","481-2","1","OB","WM",0.48
"255","481-2","2","OB","WM",0.29
"256","481-2","3","OB","WM",0.31
"257","481-2","4","OB","WM",0.61
"258","481-2","5","OB","WM",0.34
"259","481-2","6","OB","WM",0.68
"260","481-2","7","OB","WM",1.53
"261","481-2","8","OB","WM",2.64
"262","481-3","0","OB","WM",0.39
"263","481-3","1","OB","WM",0.37
"264","481-3","2","OB","WM",0.24
"265","481-3","3","OB","WM",0.01
"266","481-3","4","OB","WM",0.01
"267","481-3","5","OB","WM",0
"268","481-3","6","OB","WM",0.01
"269","481-3","7","OB","WM",0.01
"270","481-3","8","OB","WM",0
"271","481-4","0","OB","AdLib",0
"272","481-4","1","OB","AdLib",0
"273","481-4","2","OB","AdLib",0
"274","481-4","3","OB","AdLib",0
"275","481-4","4","OB","AdLib",0
"276","481-4","5","OB","AdLib",0.01
"277","481-4","6","OB","AdLib",0.01
"278","481-4","7","OB","AdLib",0.01
"279","481-4","8","OB","AdLib",0.01
"280","483-1","0","OB","AdLib",4.61
"281","483-1","1","OB","AdLib",1.37
"282","483-1","2","OB","AdLib",0.83
"283","483-1","3","OB","AdLib",0.35
"284","483-1","4","OB","AdLib",0.42
"285","483-1","5","OB","AdLib",0.11
"286","483-1","6","OB","AdLib",0.24
"287","483-1","7","OB","AdLib",0.17
"288","483-1","8","OB","AdLib",0.17
"289","483-2","0","OB","AdLib",4.34
"290","483-2","1","OB","AdLib",1.7
"291","483-2","2","OB","AdLib",0.71
"292","483-2","3","OB","AdLib",0.41
"293","483-2","4","OB","AdLib",0.41
"294","483-2","5","OB","AdLib",0.28
"295","483-2","6","OB","AdLib",0.26
"296","483-2","7","OB","AdLib",0.35
"297","483-2","8","OB","AdLib",0.12
"298","484-1","0","OB","AdLib",0.27
"299","484-1","1","OB","AdLib",0
"300","484-1","2","OB","AdLib",0
"301","484-1","3","OB","AdLib",0.03
"302","484-1","4","OB","AdLib",0
"303","484-1","5","OB","AdLib",0
"304","484-1","6","OB","AdLib",0
"305","484-1","7","OB","AdLib",0
"306","484-1","8","OB","AdLib",0.02
"307","484-2","0","L","AdLib",0
"308","484-2","1","L","AdLib",0
"309","484-2","2","L","AdLib",0.07
"310","484-2","3","L","AdLib",0.71
"311","484-2","4","L","AdLib",0.21
"312","484-2","5","L","AdLib",0.33
"313","484-2","6","L","AdLib",0.6
"314","484-2","7","L","AdLib",0.29
"315","484-2","8","L","AdLib",0.42
"316","484-3","0","L","AdLib",0.96
"317","484-3","1","L","AdLib",0.7
"318","484-3","2","L","AdLib",0.6
"319","484-3","3","L","AdLib",0.26
"320","484-3","4","L","AdLib",0.15
"321","484-3","5","L","AdLib",0.14
"322","484-3","6","L","AdLib",0.08
"323","484-3","7","L","AdLib",0.15
"324","484-3","8","L","AdLib",0.14
"325","484-4","0","L","AdLib",0.55
"326","484-4","1","L","AdLib",0.46
"327","484-4","2","L","AdLib",0.47
"328","484-4","3","L","AdLib",1.59
"329","484-4","4","L","AdLib",1.68
"330","484-4","5","L","AdLib",1.63
"331","484-4","6","L","AdLib",2.75
"332","484-4","7","L","AdLib",4.7
"333","484-4","8","L","AdLib",4.37
"334","489-1","0","OB","WM",1.14
"335","489-1","1","OB","WM",0.42
"336","489-1","2","OB","WM",0.2
"337","489-1","3","OB","WM",0.34
"338","489-1","4","OB","WM",0.15
"339","489-1","5","OB","WM",0.2
"340","489-1","6","OB","WM",0.13
"341","489-1","7","OB","WM",0.14
"342","489-1","8","OB","WM",0.12
"343","489-2","0","OB","WM",0.73
"344","489-2","1","OB","WM",0
"345","489-2","2","OB","WM",0
"346","489-2","3","OB","WM",0
"347","489-2","4","OB","WM",0
"348","489-2","5","OB","WM",0
"349","489-2","6","OB","WM",0
"350","489-2","7","OB","WM",0
"351","489-2","8","OB","WM",0
"352","490-1","0","OB","WM",0.49
"353","490-1","1","OB","WM",0.27
"354","490-1","2","OB","WM",0.12
"355","490-1","3","OB","WM",0
"356","490-1","4","OB","WM",0
"357","490-1","5","OB","WM",0
"358","490-1","6","OB","WM",0
"359","490-1","7","OB","WM",0
"360","490-1","8","OB","WM",0
"361","490-2","0","OB","AdLib",0.04
"362","490-2","1","OB","AdLib",0.06
"363","490-2","2","OB","AdLib",0.01
"364","490-2","3","OB","AdLib",0
"365","490-2","4","OB","AdLib",0
"366","490-2","5","OB","AdLib",0
"367","490-2","6","OB","AdLib",0
"368","490-2","7","OB","AdLib",0.06
"369","490-2","8","OB","AdLib",0.22
"370","490-3","0","OB","AdLib",2.57
"371","490-3","1","OB","AdLib",1.63
"372","490-3","2","OB","AdLib",0.97
"373","490-3","3","OB","AdLib",1.11
"374","490-3","4","OB","AdLib",0.77
"375","490-3","5","OB","AdLib",0.93
"376","490-3","6","OB","AdLib",2.9
"377","490-3","7","OB","AdLib",2.49
"378","490-3","8","OB","AdLib",3.08
"379","492-1","0","L","AdLib",5.71
"380","492-1","1","L","AdLib",6.99
"381","492-1","2","L","AdLib",6.13
"382","492-1","3","L","AdLib",4.88
"383","492-1","4","L","AdLib",2.97
"384","492-1","5","L","AdLib",1.99
"385","492-1","6","L","AdLib",1.2
"386","492-1","7","L","AdLib",1.87
"387","492-1","8","L","AdLib",1.85
"388","492-2","0","OB","WM",0
"389","492-2","1","OB","WM",0
"390","492-2","2","OB","WM",0
"391","492-2","3","OB","WM",0
"392","492-2","4","OB","WM",0
"393","492-2","5","OB","WM",0
"394","492-2","6","OB","WM",0
"395","492-2","7","OB","WM",1.39
"396","492-2","8","OB","WM",3.65
"397","496-2","0","OB","WM",0.22
"398","496-2","1","OB","WM",0.41
"399","496-2","2","OB","WM",0.19
"400","496-2","3","OB","WM",0.52
"401","496-2","4","OB","WM",0.8
"402","496-2","5","OB","WM",0.9
"403","496-2","6","OB","WM",1.02
"404","496-2","7","OB","WM",1.44
"405","496-2","8","OB","WM",2.09
"406","496-3","0","OB","WM",0.26
"407","496-3","1","OB","WM",0.26
"408","496-3","2","OB","WM",0.12
"409","496-3","3","OB","WM",0.13
"410","496-3","4","OB","WM",0.07
"411","496-3","5","OB","WM",0.19
"412","496-3","6","OB","WM",0.09
"413","496-3","7","OB","WM",0.16
"414","496-3","8","OB","WM",0.14
"415","496-4","0","OB","WM",0.25
"416","496-4","1","OB","WM",0.02
"417","496-4","2","OB","WM",0.11
"418","496-4","3","OB","WM",0.18
"419","496-4","4","OB","WM",0.17
"420","496-4","5","OB","WM",0.31
"421","496-4","6","OB","WM",0.42
"422","496-4","7","OB","WM",0.52
"423","496-4","8","OB","WM",0.53
"424","496-6","0","OB","AdLib",0.49
"425","496-6","1","OB","AdLib",0.5
"426","496-6","2","OB","AdLib",0.22
"427","496-6","3","OB","AdLib",0.44
"428","496-6","4","OB","AdLib",0
"429","496-6","5","OB","AdLib",0
"430","496-6","6","OB","AdLib",0
"431","496-6","7","OB","AdLib",0
"432","496-6","8","OB","AdLib",0
"433","496-7","0","OB","AdLib",0.09
"434","496-7","1","OB","AdLib",0.01
"435","496-7","2","OB","AdLib",0
"436","496-7","3","OB","AdLib",0
"437","496-7","4","OB","AdLib",0
"438","496-7","5","OB","AdLib",0
"439","496-7","6","OB","AdLib",0
"440","496-7","7","OB","AdLib",0
"441","496-7","8","OB","AdLib",0
"442","504-1","0","OB","AdLib",0.5
"443","504-1","1","OB","AdLib",0.18
"444","504-1","2","OB","AdLib",0.05
"445","504-1","3","OB","AdLib",0.06
"446","504-1","4","OB","AdLib",0
"447","504-1","5","OB","AdLib",0
"448","504-1","6","OB","AdLib",0
"449","504-1","7","OB","AdLib",0
"450","504-1","8","OB","AdLib",0
"451","504-3","0","OB","AdLib",0.9
"452","504-3","1","OB","AdLib",0.35
"453","504-3","2","OB","AdLib",0.08
"454","504-3","3","OB","AdLib",0.1
"455","504-3","4","OB","AdLib",0.01
"456","504-3","5","OB","AdLib",0.01
"457","504-3","6","OB","AdLib",0
"458","504-3","7","OB","AdLib",0
"459","504-3","8","OB","AdLib",0
"460","504-4","0","OB","AdLib",1.3
"461","504-4","1","OB","AdLib",0.81
"462","504-4","2","OB","AdLib",0.62
"463","504-4","3","OB","AdLib",0.45
"464","504-4","4","OB","AdLib",0.08
"465","504-4","5","OB","AdLib",0.13
"466","504-4","6","OB","AdLib",0.11
"467","504-4","7","OB","AdLib",0.01
"468","504-4","8","OB","AdLib",0.11
"469","504-5","0","OB","AdLib",0.29
"470","504-5","1","OB","AdLib",0.29
"471","504-5","2","OB","AdLib",0.08
"472","504-5","3","OB","AdLib",0.1
"473","504-5","4","OB","AdLib",0
"474","504-5","5","OB","AdLib",0
"475","504-5","6","OB","AdLib",0
"476","504-5","7","OB","AdLib",0
"477","504-5","8","OB","AdLib",0
"478","505-1","0","OB","AdLib",1.04
"479","505-1","1","OB","AdLib",0.7
"480","505-1","2","OB","AdLib",0.67
"481","505-1","3","OB","AdLib",0.22
"482","505-1","4","OB","AdLib",0.21
"483","505-1","5","OB","AdLib",0.17
"484","505-1","6","OB","AdLib",0.11
"485","505-1","7","OB","AdLib",0.1
"486","505-1","8","OB","AdLib",0.13
"487","505-2","0","OB","AdLib",0.23
"488","505-2","1","OB","AdLib",0.22
"489","505-2","2","OB","AdLib",0.07
"490","505-2","3","OB","AdLib",0
"491","505-2","4","OB","AdLib",0
"492","505-2","5","OB","AdLib",0
"493","505-2","6","OB","AdLib",0
"494","505-2","7","OB","AdLib",0
"495","505-2","8","OB","AdLib",0
"496","511-1","0","OB","WM",0.08
"497","511-1","1","OB","WM",0.05
"498","511-1","2","OB","WM",0.02
"499","511-1","3","OB","WM",0.01
"500","511-1","4","OB","WM",0
"501","511-1","5","OB","WM",0
"502","511-1","6","OB","WM",0
"503","511-1","7","OB","WM",0
"504","511-1","8","OB","WM",0.03
"505","511-3","0","OB","WM",0.04
"506","511-3","1","OB","WM",0.02
"507","511-3","2","OB","WM",0.01
"508","511-3","3","OB","WM",0.01
"509","511-3","4","OB","WM",0
"510","511-3","5","OB","WM",0
"511","511-3","6","OB","WM",0
"512","511-3","7","OB","WM",0
"513","511-3","8","OB","WM",0
"514","511-4","0","OB","WM",0
"515","511-4","1","OB","WM",0
"516","511-4","2","OB","WM",0
"517","511-4","3","OB","WM",0
"518","511-4","4","OB","WM",0.12
"519","511-4","5","OB","WM",0.04
"520","511-4","6","OB","WM",0.08
"521","511-4","7","OB","WM",0.07
"522","511-4","8","OB","WM",0.1
"523","511-5","0","L","AdLib",0
"524","511-5","1","L","AdLib",0
"525","511-5","2","L","AdLib",0
"526","511-5","3","L","AdLib",0
"527","511-5","4","L","AdLib",0
"528","511-5","5","L","AdLib",0
"529","511-5","6","L","AdLib",0.06
"530","511-5","7","L","AdLib",0.05
"531","511-5","8","L","AdLib",0.14
"532","515-1","0","L","AdLib",0.39
"533","515-1","1","L","AdLib",0.22
"534","515-1","2","L","AdLib",0.21
"535","515-1","3","L","AdLib",0.07
"536","515-1","4","L","AdLib",0.07
"537","515-1","5","L","AdLib",0.22
"538","515-1","6","L","AdLib",0.09
"539","515-1","7","L","AdLib",0.08
"540","515-1","8","L","AdLib",0.09
"541","515-2","0","L","AdLib",2.01
"542","515-2","1","L","AdLib",1.23
"543","515-2","2","L","AdLib",1.58
"544","515-2","3","L","AdLib",0.36
"545","515-2","4","L","AdLib",0.35
"546","515-2","5","L","AdLib",0.29
"547","515-2","6","L","AdLib",0.15
"548","515-2","7","L","AdLib",0.28
"549","515-2","8","L","AdLib",0.11
"550","520-1","0","OB","AdLib",0.27
"551","520-1","1","OB","AdLib",0.09
"552","520-1","2","OB","AdLib",0.19
"553","520-1","3","OB","AdLib",0.13
"554","520-1","4","OB","AdLib",0
"555","520-1","5","OB","AdLib",0
"556","520-1","6","OB","AdLib",0
"557","520-1","7","OB","AdLib",0
"558","520-1","8","OB","AdLib",0
"559","522-1","0","OB","AdLib",0.69
"560","522-1","1","OB","AdLib",0.48
"561","522-1","2","OB","AdLib",0.84
"562","522-1","3","OB","AdLib",0.2
"563","522-1","4","OB","AdLib",0.15
"564","522-1","5","OB","AdLib",0.05
"565","522-1","6","OB","AdLib",0.06
"566","522-1","7","OB","AdLib",0.04
"567","522-1","8","OB","AdLib",0.18
"568","523-1","0","OB","AdLib",2.27
"569","523-1","1","OB","AdLib",3.38
"570","523-1","2","OB","AdLib",2.71
"571","523-1","3","OB","AdLib",3.54
"572","523-1","4","OB","AdLib",3.6
"573","523-1","5","OB","AdLib",4.89
"574","523-1","6","OB","AdLib",6.28
"575","523-1","7","OB","AdLib",6.03
"576","523-1","8","OB","AdLib",8.03
"577","550-1","0","OB","AdLib",0.29
"578","550-1","1","OB","AdLib",0.24
"579","550-1","2","OB","AdLib",0.03
"580","550-1","3","OB","AdLib",0.02
"581","550-1","4","OB","AdLib",0.02
"582","550-1","5","OB","AdLib",0.01
"583","550-1","6","OB","AdLib",0.01
"584","550-1","7","OB","AdLib",0
"585","550-1","8","OB","AdLib",0
"586","550-2","0","OB","AdLib",0.02
"587","550-2","1","OB","AdLib",0.01
"588","550-2","2","OB","AdLib",0
"589","550-2","3","OB","AdLib",0
"590","550-2","4","OB","AdLib",0.01
"591","550-2","5","OB","AdLib",0
"592","550-2","6","OB","AdLib",0
"593","550-2","7","OB","AdLib",0
"594","550-2","8","OB","AdLib",0
"595","551-1","0","OB","WM",1.04
"596","551-1","1","OB","WM",1.29
"597","551-1","2","OB","WM",1.29
"598","551-1","3","OB","WM",1.85
"599","551-1","4","OB","WM",2.62
"600","551-1","5","OB","WM",2.85
"601","551-1","6","OB","WM",3.07
"602","551-1","7","OB","WM",3.5
"603","551-1","8","OB","WM",3.09
"604","551-2","0","OB","WM",0
"605","551-2","1","OB","WM",0
"606","551-2","2","OB","WM",0
"607","551-2","3","OB","WM",0.84
"608","551-2","4","OB","WM",0.67
"609","551-2","5","OB","WM",1.22
"610","551-2","6","OB","WM",1.28
"611","551-2","7","OB","WM",1.59
"612","551-2","8","OB","WM",1.96
"613","552-1","0","OB","WM",1.02
"614","552-1","1","OB","WM",0.62
"615","552-1","2","OB","WM",0.54
"616","552-1","3","OB","WM",0.68
"617","552-1","4","OB","WM",0.95
"618","552-1","5","OB","WM",1.02
"619","552-1","6","OB","WM",1.06
"620","552-1","7","OB","WM",1.89
"621","552-1","8","OB","WM",1.78
"622","555-1","0","OB","WM",1.05
"623","555-1","1","OB","WM",0.47
"624","555-1","2","OB","WM",0.36
"625","555-1","3","OB","WM",0.31
"626","555-1","4","OB","WM",0.11
"627","555-1","5","OB","WM",0.26
"628","555-1","6","OB","WM",0.16
"629","555-1","7","OB","WM",0.11
"630","555-1","8","OB","WM",0.16
"631","555-2","0","L","WM",0
"632","555-2","1","L","WM",0
"633","555-2","2","L","WM",0
"634","555-2","3","L","WM",0
"635","555-2","4","L","WM",0
"636","555-2","5","L","WM",0
"637","555-2","6","L","WM",0
"638","555-2","7","L","WM",0
"639","555-2","8","L","WM",0.03
"640","557-1","0","L","WM",1.57
"641","557-1","1","L","WM",0.47
"642","557-1","2","L","WM",0.2
"643","557-1","3","L","WM",0.08
"644","557-1","4","L","WM",0.11
"645","557-1","5","L","WM",0.08
"646","557-1","6","L","WM",0.06
"647","557-1","7","L","WM",0.05
"648","557-1","8","L","WM",0.07
"649","557-2","0","L","AdLib",0.94
"650","557-2","1","L","AdLib",0.9
"651","557-2","2","L","AdLib",0.23
"652","557-2","3","L","AdLib",0.08
"653","557-2","4","L","AdLib",0.07
"654","557-2","5","L","AdLib",0.06
"655","557-2","6","L","AdLib",0.03
"656","557-2","7","L","AdLib",0.02
"657","557-2","8","L","AdLib",0.02
"658","561-1","0","L","AdLib",0.31
"659","561-1","1","L","AdLib",0.19
"660","561-1","2","L","AdLib",0.03
"661","561-1","3","L","AdLib",0.04
"662","561-1","4","L","AdLib",0.13
"663","561-1","5","L","AdLib",0.09
"664","561-1","6","L","AdLib",0.07
"665","561-1","7","L","AdLib",0.01
"666","561-1","8","L","AdLib",0.02
"667","571-1","0","L","AdLib",2.93
"668","571-1","1","L","AdLib",1.8
"669","571-1","2","L","AdLib",0.73
"670","571-1","3","L","AdLib",0.41
"671","571-1","4","L","AdLib",0.21
"672","571-1","5","L","AdLib",0.1
"673","571-1","6","L","AdLib",0.08
"674","571-1","7","L","AdLib",0.1
"675","571-1","8","L","AdLib",0.18
"676","573-1","0","L","AdLib",0.49
"677","573-1","1","L","AdLib",0.34
"678","573-1","2","L","AdLib",0.05
"679","573-1","3","L","AdLib",0.1
"680","573-1","4","L","AdLib",0.8
"681","573-1","5","L","AdLib",0.97
"682","573-1","6","L","AdLib",1.71
"683","573-1","7","L","AdLib",1.54
"684","573-1","8","L","AdLib",0.64
"685","573-3","0","L","AdLib",0
"686","573-3","1","L","AdLib",0
"687","573-3","2","L","AdLib",0
"688","573-3","3","L","AdLib",0.02
"689","573-3","4","L","AdLib",0.31
"690","573-3","5","L","AdLib",0.48
"691","573-3","6","L","AdLib",1.32
"692","573-3","7","L","AdLib",1.75
"693","573-3","8","L","AdLib",2.88
"694","573-5","0","L","AdLib",0
"695","573-5","1","L","AdLib",0
"696","573-5","2","L","AdLib",0
"697","573-5","3","L","AdLib",0
"698","573-5","4","L","AdLib",0
"699","573-5","5","L","AdLib",0
"700","573-5","6","L","AdLib",0.36
"701","573-5","7","L","AdLib",1.28
"702","573-5","8","L","AdLib",1.35
"703","591-2","0","L","AdLib",1.93
"704","591-2","1","L","AdLib",1.37
"705","591-2","2","L","AdLib",0.83
"706","591-2","3","L","AdLib",0.76
"707","591-2","4","L","AdLib",0.35
"708","591-2","5","L","AdLib",0.27
"709","591-2","6","L","AdLib",0.39
"710","591-2","7","L","AdLib",0.34
"711","591-2","8","L","AdLib",0.29
"712","592-1","0","L","AdLib",1.22
"713","592-1","1","L","AdLib",1
"714","592-1","2","L","AdLib",1.09
"715","592-1","3","L","AdLib",0.85
"716","592-1","4","L","AdLib",0.95
"717","592-1","5","L","AdLib",1.27
"718","592-1","6","L","AdLib",0.85
"719","592-1","7","L","AdLib",0.83
"720","592-1","8","L","AdLib",0.75
"721","595-1","0","L","AdLib",2.12
"722","595-1","1","L","AdLib",0.57
"723","595-1","2","L","AdLib",0.2
"724","595-1","3","L","AdLib",0.08
"725","595-1","4","L","AdLib",0.1
"726","595-1","5","L","AdLib",0.08
"727","595-1","6","L","AdLib",0.04
"728","595-1","7","L","AdLib",0.04
"729","595-1","8","L","AdLib",0.04
"730","605-1","0","L","AdLib",2.4
"731","605-1","1","L","AdLib",0.87
"732","605-1","2","L","AdLib",0.54
"733","605-1","3","L","AdLib",0.13
"734","605-1","4","L","AdLib",0.11
"735","605-1","5","L","AdLib",0.14
"736","605-1","6","L","AdLib",0.14
"737","605-1","7","L","AdLib",0.14
"738","605-1","8","L","AdLib",0.05
"739","608-1","0","L","AdLib",0.4
"740","608-1","1","L","AdLib",0.17
"741","608-1","2","L","AdLib",0.05
"742","608-1","3","L","AdLib",0
"743","608-1","4","L","AdLib",0
"744","608-1","5","L","AdLib",0
"745","608-1","6","L","AdLib",0
"746","608-1","7","L","AdLib",0
"747","608-1","8","L","AdLib",0
"748","608-2","0","L","AdLib",1.36
"749","608-2","1","L","AdLib",2.12
"750","608-2","2","L","AdLib",0.55
"751","608-2","3","L","AdLib",0.26
"752","608-2","4","L","AdLib",0.13
"753","608-2","5","L","AdLib",0.21
"754","608-2","6","L","AdLib",0.11
"755","608-2","7","L","AdLib",0.04
"756","608-2","8","L","AdLib",0
"757","608-3","0","OB","WM",0
"758","608-3","1","OB","WM",0.26
"759","608-3","2","OB","WM",0.24
"760","608-3","3","OB","WM",0.07
"761","608-3","4","OB","WM",0.01
"762","608-3","5","OB","WM",0.04
"763","608-3","6","OB","WM",0.06
"764","608-3","7","OB","WM",0.15
"765","608-3","8","OB","WM",0.14
"766","617-1","0","OB","WM",1.18
"767","617-1","1","OB","WM",2.55
"768","617-1","2","OB","WM",2.28
"769","617-1","3","OB","WM",0.74
"770","617-1","4","OB","WM",0.64
"771","617-1","5","OB","WM",0.58
"772","617-1","6","OB","WM",0.46
"773","617-1","7","OB","WM",0.45
"774","617-1","8","OB","WM",0.16
"775","617-2","0","OB","AdLib",0.19
"776","617-2","1","OB","AdLib",0.62
"777","617-2","2","OB","AdLib",0.36
"778","617-2","3","OB","AdLib",0.25
"779","617-2","4","OB","AdLib",0.35
"780","617-2","5","OB","AdLib",0.81
"781","617-2","6","OB","AdLib",1.84
"782","617-2","7","OB","AdLib",4.21
"783","617-2","8","OB","AdLib",6.65
"784","627-1","0","L","WM",2.06
"785","627-1","1","L","WM",0.83
"786","627-1","2","L","WM",0.66
"787","627-1","3","L","WM",0.44
"788","627-1","4","L","WM",0.29
"789","627-1","5","L","WM",0.27
"790","627-1","6","L","WM",0.17
"791","627-1","7","L","WM",0.03
"792","627-1","8","L","WM",0
"793","628-1","0","L","AdLib",1.09
"794","628-1","1","L","AdLib",1.87
"795","628-1","2","L","AdLib",0.35
"796","628-1","3","L","AdLib",0.07
"797","628-1","4","L","AdLib",0.22
"798","628-1","5","L","AdLib",0.19
"799","628-1","6","L","AdLib",0.03
"800","628-1","7","L","AdLib",0.44
"801","628-1","8","L","AdLib",1.03
"802","630-1","0","L","AdLib",0.11
"803","630-1","1","L","AdLib",0.01
"804","630-1","2","L","AdLib",0.02
"805","630-1","3","L","AdLib",0
"806","630-1","4","L","AdLib",0
"807","630-1","5","L","AdLib",0
"808","630-1","6","L","AdLib",0
"809","630-1","7","L","AdLib",0
"810","630-1","8","L","AdLib",0.02
"811","630-2","0","L","AdLib",0.31
"812","630-2","1","L","AdLib",0.25
"813","630-2","2","L","AdLib",0.17
"814","630-2","3","L","AdLib",0.03
"815","630-2","4","L","AdLib",0.01
"816","630-2","5","L","AdLib",0.01
"817","630-2","6","L","AdLib",0.01
"818","630-2","7","L","AdLib",0.01
"819","630-2","8","L","AdLib",0.05
"820","630-3","0","L","AdLib",0
"821","630-3","1","L","AdLib",0.01
"822","630-3","2","L","AdLib",0
"823","630-3","3","L","AdLib",0
"824","630-3","4","L","AdLib",0
"825","630-3","5","L","AdLib",0
"826","630-3","6","L","AdLib",0
"827","630-3","7","L","AdLib",0
"828","630-3","8","L","AdLib",0
"829","630-4","0","L","AdLib",0
"830","630-4","1","L","AdLib",0.01
"831","630-4","2","L","AdLib",0
"832","630-4","3","L","AdLib",0
"833","630-4","4","L","AdLib",0
"834","630-4","5","L","AdLib",0
"835","630-4","6","L","AdLib",0
"836","630-4","7","L","AdLib",0
"837","630-4","8","L","AdLib",0
"838","630-5","0","OB","AdLib",0
"839","630-5","1","OB","AdLib",0
"840","630-5","2","OB","AdLib",0
"841","630-5","3","OB","AdLib",0
"842","630-5","4","OB","AdLib",0
"843","630-5","5","OB","AdLib",0
"844","630-5","6","OB","AdLib",0
"845","630-5","7","OB","AdLib",0
"846","630-5","8","OB","AdLib",0
"847","632-1","0","OB","AdLib",1.04
"848","632-1","1","OB","AdLib",1.48
"849","632-1","2","OB","AdLib",1.45
"850","632-1","3","OB","AdLib",1.89
"851","632-1","4","OB","AdLib",2.31
"852","632-1","5","OB","AdLib",1.48
"853","632-1","6","OB","AdLib",0.86
"854","632-1","7","OB","AdLib",0.82
"855","632-1","8","OB","AdLib",0.37
"856","632-2","0","L","WM",0.15
"857","632-2","1","L","WM",0.01
"858","632-2","2","L","WM",0.01
"859","632-2","3","L","WM",0
"860","632-2","4","L","WM",0
"861","632-2","5","L","WM",0.02
"862","632-2","6","L","WM",0
"863","632-2","7","L","WM",0.05
"864","632-2","8","L","WM",0.01
"865","632-3","0","OB","WM",0
"866","632-3","1","OB","WM",0
"867","632-3","2","OB","WM",0
"868","632-3","3","OB","WM",0
"869","632-3","4","OB","WM",0
"870","632-3","5","OB","WM",0
"871","632-3","6","OB","WM",0
"872","632-3","7","OB","WM",0
"873","632-3","8","OB","WM",0
"874","641-1","0","OB","WM",0.31
"875","641-1","1","OB","WM",0.22
"876","641-1","2","OB","WM",0.03
"877","641-1","3","OB","WM",0.07
"878","641-1","4","OB","WM",0.01
"879","641-1","5","OB","WM",0.01
"880","641-1","6","OB","WM",0.04
"881","641-1","7","OB","WM",0.01
"882","641-1","8","OB","WM",0.09
"883","641-2","0","L","WM",5.64
"884","641-2","1","L","WM",5.09
"885","641-2","2","L","WM",2.12
"886","641-2","3","L","WM",1.81
"887","641-2","4","L","WM",1.7
"888","641-2","5","L","WM",1.99
"889","641-2","6","L","WM",1.34
"890","641-2","7","L","WM",1.27
"891","641-2","8","L","WM",0
"892","653-2","0","L","WM",0.05
"893","653-2","1","L","WM",0.01
"894","653-2","2","L","WM",0
"895","653-2","3","L","WM",0
"896","653-2","4","L","WM",0
"897","653-2","5","L","WM",0
"898","653-2","6","L","WM",0
"899","653-2","7","L","WM",0
"900","653-2","8","L","WM",0
"901","666-1","0","L","WM",3.41
"902","666-1","1","L","WM",1.98
"903","666-1","2","L","WM",0.33
"904","666-1","3","L","WM",0.84
"905","666-1","4","L","WM",0.66
"906","666-1","5","L","WM",0.28
"907","666-1","6","L","WM",0.39
"908","666-1","7","L","WM",0.38
"909","666-1","8","L","WM",0.62
"910","666-2","0","L","WM",2.21
"911","666-2","1","L","WM",1.76
"912","666-2","2","L","WM",0.61
"913","666-2","3","L","WM",0.48
"914","666-2","4","L","WM",0.53
"915","666-2","5","L","WM",0.39
"916","666-2","6","L","WM",0.22
"917","666-2","7","L","WM",0.09
"918","666-2","8","L","WM",0.38
"919","680-1","0","L","AdLib",6.08
"920","680-1","1","L","AdLib",5.8
"921","680-1","2","L","AdLib",3.29
"922","680-1","3","L","AdLib",1.89
"923","680-1","4","L","AdLib",1.54
"924","680-1","5","L","AdLib",0.92
"925","680-1","6","L","AdLib",1.45
"926","680-1","7","L","AdLib",0.85
"927","680-1","8","L","AdLib",0.91
"928","680-2","0","L","AdLib",0
"929","680-2","1","L","AdLib",0.01
"930","680-2","2","L","AdLib",0
"931","680-2","3","L","AdLib",0
"932","680-2","4","L","AdLib",0
"933","680-2","5","L","AdLib",0
"934","680-2","6","L","AdLib",0
"935","680-2","7","L","AdLib",0
"936","680-2","8","L","AdLib",0
"937","681-1","0","L","AdLib",0.75
"938","681-1","1","L","AdLib",0.37
"939","681-1","2","L","AdLib",0.19
"940","681-1","3","L","AdLib",0.01
"941","681-1","4","L","AdLib",0.01
"942","681-1","5","L","AdLib",0.01
"943","681-1","6","L","AdLib",0.07
"944","681-1","7","L","AdLib",0.02
"945","681-1","8","L","AdLib",0.03
"946","681-2","0","L","AdLib",0.12
"947","681-2","1","L","AdLib",0.07
"948","681-2","2","L","AdLib",0.01
"949","681-2","3","L","AdLib",0
"950","681-2","4","L","AdLib",0
"951","681-2","5","L","AdLib",0
"952","681-2","6","L","AdLib",0
"953","681-2","7","L","AdLib",0
"954","681-2","8","L","AdLib",0
"955","681-3","0","L","AdLib",0.01
"956","681-3","1","L","AdLib",0
"957","681-3","2","L","AdLib",0.03
"958","681-3","3","L","AdLib",0
"959","681-3","4","L","AdLib",0
"960","681-3","5","L","AdLib",0
"961","681-3","6","L","AdLib",0
"962","681-3","7","L","AdLib",0
"963","681-3","8","L","AdLib",0
"964","683-1","0","OB","WM",0
"965","683-1","1","OB","WM",0.01
"966","683-1","2","OB","WM",0
"967","683-1","3","OB","WM",0
"968","683-1","4","OB","WM",0
"969","683-1","5","OB","WM",0
"970","683-1","6","OB","WM",0
"971","683-1","7","OB","WM",0
"972","683-1","8","OB","WM",0
"973","686-1","0","L","WM",0.97
"974","686-1","1","L","WM",0.34
"975","686-1","2","L","WM",0.22
"976","686-1","3","L","WM",0.05
"977","686-1","4","L","WM",0.1
"978","686-1","5","L","WM",0.12
"979","686-1","6","L","WM",0.02
"980","686-1","7","L","WM",0.08
"981","686-1","8","L","WM",0.03
"982","691-1","0","L","AdLib",0.35
"983","691-1","1","L","AdLib",0.46
"984","691-1","2","L","AdLib",0.52
"985","691-1","3","L","AdLib",0.28
"986","691-1","4","L","AdLib",0.44
"987","691-1","5","L","AdLib",0.31
"988","691-1","6","L","AdLib",0.68
"989","691-1","7","L","AdLib",0.45
"990","691-1","8","L","AdLib",0.53
"991","691-2","0","L","WM",1.08
"992","691-2","1","L","WM",1.6
"993","691-2","2","L","WM",0.93
"994","691-2","3","L","WM",0.53
"995","691-2","4","L","WM",0.43
"996","691-2","5","L","WM",0.32
"997","691-2","6","L","WM",0.5
"998","691-2","7","L","WM",0.29
"999","691-2","8","L","WM",0.36
"1000","691-3","0","L","WM",0
"1001","691-3","1","L","WM",0.26
"1002","691-3","2","L","WM",0.14
"1003","691-3","3","L","WM",0.01
"1004","691-3","4","L","WM",0.01
"1005","691-3","5","L","WM",0.01
"1006","691-3","6","L","WM",0
"1007","691-3","7","L","WM",0
"1008","691-3","8","L","WM",0.01
"1009","691-4","0","L","WM",0
"1010","691-4","1","L","WM",0
"1011","691-4","2","L","WM",0
"1012","691-4","3","L","WM",0
"1013","691-4","4","L","WM",0
"1014","691-4","5","L","WM",0
"1015","691-4","6","L","WM",0
"1016","691-4","7","L","WM",0
"1017","691-4","8","L","WM",0
"1018","692-1","0","L","AdLib",0.88
"1019","692-1","1","L","AdLib",0.68
"1020","692-1","2","L","AdLib",0.33
"1021","692-1","3","L","AdLib",0.22
"1022","692-1","4","L","AdLib",0.09
"1023","692-1","5","L","AdLib",0.05
"1024","692-1","6","L","AdLib",0.02
"1025","692-1","7","L","AdLib",0.01
"1026","692-1","8","L","AdLib",0
"1027","692-2","0","L","AdLib",0.46
"1028","692-2","1","L","AdLib",0.17
"1029","692-2","2","L","AdLib",0.02
"1030","692-2","3","L","AdLib",0
"1031","692-2","4","L","AdLib",0
"1032","692-2","5","L","AdLib",0
"1033","692-2","6","L","AdLib",0
"1034","692-2","7","L","AdLib",0
"1035","692-2","8","L","AdLib",0.04
"1036","696-1","0","OB","AdLib",1.49
"1037","696-1","1","OB","AdLib",0.84
"1038","696-1","2","OB","AdLib",0.74
"1039","696-1","3","OB","AdLib",0.55
"1040","696-1","4","OB","AdLib",0.4
"1041","696-1","5","OB","AdLib",0.56
"1042","696-1","6","OB","AdLib",0.35
"1043","696-1","7","OB","AdLib",0.38
"1044","696-1","8","OB","AdLib",0.1
"1045","696-2","0","OB","AdLib",1.58
"1046","696-2","1","OB","AdLib",0.95
"1047","696-2","2","OB","AdLib",0.67
"1048","696-2","3","OB","AdLib",0.32
"1049","696-2","4","OB","AdLib",0.32
"1050","696-2","5","OB","AdLib",0.34
"1051","696-2","6","OB","AdLib",0.15
"1052","696-2","7","OB","AdLib",0.14
"1053","696-2","8","OB","AdLib",0.11
"1054","696-3","0","L","AdLib",0.06
"1055","696-3","1","L","AdLib",0.1
"1056","696-3","2","L","AdLib",0.08
"1057","696-3","3","L","AdLib",0
"1058","696-3","4","L","AdLib",0
"1059","696-3","5","L","AdLib",0
"1060","696-3","6","L","AdLib",0
"1061","696-3","7","L","AdLib",0
"1062","696-3","8","L","AdLib",0
